;user_set;trial;17;3;18;13;12;1;24;23;7;20;19;25;10;5;9;6;14;26;16;15;8;21;22;4
0;3;297.2;True;False;True;;;;;;;;;;;;;;;;;;;;;
1;3;297.1;True;False;True;;;;;;;;;;;;;;;;;;;;;
2;3;283.2;True;True;False;;;;;;;;;;;;;;;;;;;;;
3;3;283.1;True;True;False;;;;;;;;;;;;;;;;;;;;;
4;3;292.1;True;False;True;;;;;;;;;;;;;;;;;;;;;
5;3;292.2;True;False;True;;;;;;;;;;;;;;;;;;;;;
6;3;274.2;True;False;True;;;;;;;;;;;;;;;;;;;;;
7;3;274.1;True;False;True;;;;;;;;;;;;;;;;;;;;;
8;3;282.1;True;False;True;;;;;;;;;;;;;;;;;;;;;
9;3;282.2;True;False;True;;;;;;;;;;;;;;;;;;;;;
10;3;305.3;True;False;False;;;;;;;;;;;;;;;;;;;;;
11;3;305.1;True;False;False;;;;;;;;;;;;;;;;;;;;;
12;3;278.1;True;True;True;;;;;;;;;;;;;;;;;;;;;
13;3;278.2;True;True;True;;;;;;;;;;;;;;;;;;;;;
14;3;290.2;True;False;True;;;;;;;;;;;;;;;;;;;;;
15;3;290.1;True;False;True;;;;;;;;;;;;;;;;;;;;;
16;3;309.2;True;True;False;;;;;;;;;;;;;;;;;;;;;
17;3;309.1;True;True;False;;;;;;;;;;;;;;;;;;;;;
18;3;300.1;True;True;True;;;;;;;;;;;;;;;;;;;;;
19;3;300.2;True;True;True;;;;;;;;;;;;;;;;;;;;;
20;3;313.1;True;True;True;;;;;;;;;;;;;;;;;;;;;
21;3;313.2;True;True;True;;;;;;;;;;;;;;;;;;;;;
22;3;280.1;True;False;False;;;;;;;;;;;;;;;;;;;;;
23;3;280.3;True;False;False;;;;;;;;;;;;;;;;;;;;;
24;3;293.1;True;True;False;;;;;;;;;;;;;;;;;;;;;
25;3;293.2;True;True;False;;;;;;;;;;;;;;;;;;;;;
26;3;286.2;True;False;True;;;;;;;;;;;;;;;;;;;;;
27;3;286.1;True;False;True;;;;;;;;;;;;;;;;;;;;;
28;3;306.2;True;True;True;;;;;;;;;;;;;;;;;;;;;
29;3;306.1;True;True;True;;;;;;;;;;;;;;;;;;;;;
30;3;315.1;True;True;True;;;;;;;;;;;;;;;;;;;;;
31;3;315.2;True;True;True;;;;;;;;;;;;;;;;;;;;;
32;3;281.2;True;False;False;;;;;;;;;;;;;;;;;;;;;
33;3;281.1;True;False;False;;;;;;;;;;;;;;;;;;;;;
34;3;272.2;True;False;True;;;;;;;;;;;;;;;;;;;;;
35;3;272.1;True;False;True;;;;;;;;;;;;;;;;;;;;;
36;3;303.1;True;False;True;;;;;;;;;;;;;;;;;;;;;
37;3;303.2;True;False;True;;;;;;;;;;;;;;;;;;;;;
38;3;285.2;True;True;True;;;;;;;;;;;;;;;;;;;;;
39;3;285.1;True;True;True;;;;;;;;;;;;;;;;;;;;;
40;3;288.2;True;True;True;;;;;;;;;;;;;;;;;;;;;
41;3;288.1;True;True;True;;;;;;;;;;;;;;;;;;;;;
42;3;302.2;True;False;True;;;;;;;;;;;;;;;;;;;;;
43;3;302.1;True;False;True;;;;;;;;;;;;;;;;;;;;;
44;3;271.1;True;False;True;;;;;;;;;;;;;;;;;;;;;
45;3;271.3;True;False;True;;;;;;;;;;;;;;;;;;;;;
46;3;277.2;True;False;True;;;;;;;;;;;;;;;;;;;;;
47;3;277.1;True;False;True;;;;;;;;;;;;;;;;;;;;;
48;3;299.2;True;False;True;;;;;;;;;;;;;;;;;;;;;
49;3;299.1;True;False;True;;;;;;;;;;;;;;;;;;;;;
50;3;284.2;True;False;False;;;;;;;;;;;;;;;;;;;;;
51;3;284.1;True;False;False;;;;;;;;;;;;;;;;;;;;;
52;3;275.1;True;True;True;;;;;;;;;;;;;;;;;;;;;
53;3;275.2;True;True;True;;;;;;;;;;;;;;;;;;;;;
54;3;276.2;True;True;True;;;;;;;;;;;;;;;;;;;;;
55;3;276.1;True;True;True;;;;;;;;;;;;;;;;;;;;;
56;3;310.2;True;True;True;;;;;;;;;;;;;;;;;;;;;
57;3;310.1;True;True;True;;;;;;;;;;;;;;;;;;;;;
58;3;312.1;True;True;False;;;;;;;;;;;;;;;;;;;;;
59;3;312.2;True;True;False;;;;;;;;;;;;;;;;;;;;;
60;3;295.1;False;True;False;;;;;;;;;;;;;;;;;;;;;
61;3;295.2;False;True;False;;;;;;;;;;;;;;;;;;;;;
62;3;294.1;False;True;True;;;;;;;;;;;;;;;;;;;;;
63;3;294.2;False;True;True;;;;;;;;;;;;;;;;;;;;;
64;3;308.2;False;True;False;;;;;;;;;;;;;;;;;;;;;
65;3;308.1;False;True;False;;;;;;;;;;;;;;;;;;;;;
66;3;279.1;False;True;True;;;;;;;;;;;;;;;;;;;;;
67;3;279.2;False;True;True;;;;;;;;;;;;;;;;;;;;;
68;3;296.2;False;True;False;;;;;;;;;;;;;;;;;;;;;
69;3;296.1;False;True;False;;;;;;;;;;;;;;;;;;;;;
70;3;298.2;False;True;False;;;;;;;;;;;;;;;;;;;;;
71;3;298.1;False;True;False;;;;;;;;;;;;;;;;;;;;;
72;3;307.1;False;False;True;;;;;;;;;;;;;;;;;;;;;
73;3;307.2;False;False;True;;;;;;;;;;;;;;;;;;;;;
74;3;291.1;False;False;True;;;;;;;;;;;;;;;;;;;;;
75;3;291.2;False;False;True;;;;;;;;;;;;;;;;;;;;;
76;3;289.2;False;False;True;;;;;;;;;;;;;;;;;;;;;
77;3;289.1;False;False;True;;;;;;;;;;;;;;;;;;;;;
78;3;304.1;False;False;True;;;;;;;;;;;;;;;;;;;;;
79;3;304.2;False;False;True;;;;;;;;;;;;;;;;;;;;;
80;3;273.1;False;False;True;;;;;;;;;;;;;;;;;;;;;
81;3;273.3;False;False;True;;;;;;;;;;;;;;;;;;;;;
82;3;314.2;False;False;True;;;;;;;;;;;;;;;;;;;;;
83;3;314.1;False;False;True;;;;;;;;;;;;;;;;;;;;;
84;1;38.1;;;;True;True;True;;;;;;;;;;;;;;;;;;
85;1;38.2;;;;True;True;True;;;;;;;;;;;;;;;;;;
86;1;2.1;;;;True;False;False;;;;;;;;;;;;;;;;;;
87;1;2.2;;;;True;False;False;;;;;;;;;;;;;;;;;;
88;1;43.1;;;;True;True;False;;;;;;;;;;;;;;;;;;
89;1;43.2;;;;True;True;False;;;;;;;;;;;;;;;;;;
90;1;35.1;;;;True;False;True;;;;;;;;;;;;;;;;;;
91;1;35.3;;;;True;False;True;;;;;;;;;;;;;;;;;;
92;1;4.3;;;;True;True;False;;;;;;;;;;;;;;;;;;
93;1;4.1;;;;True;True;False;;;;;;;;;;;;;;;;;;
94;1;5.1;;;;True;True;True;;;;;;;;;;;;;;;;;;
95;1;5.3;;;;True;True;True;;;;;;;;;;;;;;;;;;
96;1;31.1;;;;True;False;True;;;;;;;;;;;;;;;;;;
97;1;31.3;;;;True;False;True;;;;;;;;;;;;;;;;;;
98;1;41.1;;;;True;True;True;;;;;;;;;;;;;;;;;;
99;1;41.3;;;;True;True;True;;;;;;;;;;;;;;;;;;
100;1;9.3;;;;True;True;False;;;;;;;;;;;;;;;;;;
101;1;9.1;;;;True;True;False;;;;;;;;;;;;;;;;;;
102;1;17.1;;;;True;True;True;;;;;;;;;;;;;;;;;;
103;1;17.3;;;;True;True;True;;;;;;;;;;;;;;;;;;
104;1;29.3;;;;True;True;True;;;;;;;;;;;;;;;;;;
105;1;29.1;;;;True;True;True;;;;;;;;;;;;;;;;;;
106;1;28.1;;;;True;True;True;;;;;;;;;;;;;;;;;;
107;1;28.2;;;;True;True;True;;;;;;;;;;;;;;;;;;
108;1;18.3;;;;True;True;True;;;;;;;;;;;;;;;;;;
109;1;18.1;;;;True;True;True;;;;;;;;;;;;;;;;;;
110;1;7.1;;;;True;True;True;;;;;;;;;;;;;;;;;;
111;1;7.3;;;;True;True;True;;;;;;;;;;;;;;;;;;
112;1;30.1;;;;True;True;True;;;;;;;;;;;;;;;;;;
113;1;30.2;;;;True;True;True;;;;;;;;;;;;;;;;;;
114;1;32.1;;;;True;False;False;;;;;;;;;;;;;;;;;;
115;1;32.3;;;;True;False;False;;;;;;;;;;;;;;;;;;
116;1;14.1;;;;True;True;True;;;;;;;;;;;;;;;;;;
117;1;14.3;;;;True;True;True;;;;;;;;;;;;;;;;;;
118;1;15.3;;;;True;True;True;;;;;;;;;;;;;;;;;;
119;1;15.1;;;;True;True;True;;;;;;;;;;;;;;;;;;
120;1;42.1;;;;True;True;True;;;;;;;;;;;;;;;;;;
121;1;42.2;;;;True;True;True;;;;;;;;;;;;;;;;;;
122;1;12.3;;;;True;False;True;;;;;;;;;;;;;;;;;;
123;1;12.1;;;;True;False;True;;;;;;;;;;;;;;;;;;
124;1;37.3;;;;True;False;True;;;;;;;;;;;;;;;;;;
125;1;37.1;;;;True;False;True;;;;;;;;;;;;;;;;;;
126;1;10.1;;;;True;True;False;;;;;;;;;;;;;;;;;;
127;1;10.2;;;;True;True;False;;;;;;;;;;;;;;;;;;
128;1;25.1;;;;True;False;True;;;;;;;;;;;;;;;;;;
129;1;25.3;;;;True;False;True;;;;;;;;;;;;;;;;;;
130;1;23.2;;;;True;True;True;;;;;;;;;;;;;;;;;;
131;1;23.1;;;;True;True;True;;;;;;;;;;;;;;;;;;
132;1;13.3;;;;True;False;True;;;;;;;;;;;;;;;;;;
133;1;13.1;;;;True;False;True;;;;;;;;;;;;;;;;;;
134;1;19.1;;;;True;True;True;;;;;;;;;;;;;;;;;;
135;1;19.3;;;;True;True;True;;;;;;;;;;;;;;;;;;
136;1;20.1;;;;True;False;True;;;;;;;;;;;;;;;;;;
137;1;20.2;;;;True;False;True;;;;;;;;;;;;;;;;;;
138;1;21.1;;;;True;False;True;;;;;;;;;;;;;;;;;;
139;1;21.3;;;;True;False;True;;;;;;;;;;;;;;;;;;
140;1;33.2;;;;True;False;True;;;;;;;;;;;;;;;;;;
141;1;33.1;;;;True;False;True;;;;;;;;;;;;;;;;;;
142;1;24.3;;;;True;True;True;;;;;;;;;;;;;;;;;;
143;1;24.1;;;;True;True;True;;;;;;;;;;;;;;;;;;
144;1;1.1;;;;False;True;True;;;;;;;;;;;;;;;;;;
145;1;1.2;;;;False;True;True;;;;;;;;;;;;;;;;;;
146;1;6.3;;;;False;True;False;;;;;;;;;;;;;;;;;;
147;1;6.1;;;;False;True;False;;;;;;;;;;;;;;;;;;
148;1;45.3;;;;False;True;True;;;;;;;;;;;;;;;;;;
149;1;45.1;;;;False;True;True;;;;;;;;;;;;;;;;;;
150;1;16.1;;;;False;True;False;;;;;;;;;;;;;;;;;;
151;1;16.3;;;;False;True;False;;;;;;;;;;;;;;;;;;
152;1;11.3;;;;False;True;True;;;;;;;;;;;;;;;;;;
153;1;11.1;;;;False;True;True;;;;;;;;;;;;;;;;;;
154;1;40.1;;;;False;True;True;;;;;;;;;;;;;;;;;;
155;1;40.2;;;;False;True;True;;;;;;;;;;;;;;;;;;
156;1;8.1;;;;False;True;False;;;;;;;;;;;;;;;;;;
157;1;8.2;;;;False;True;False;;;;;;;;;;;;;;;;;;
158;1;36.3;;;;False;True;False;;;;;;;;;;;;;;;;;;
159;1;36.1;;;;False;True;False;;;;;;;;;;;;;;;;;;
160;1;26.3;;;;False;True;False;;;;;;;;;;;;;;;;;;
161;1;26.1;;;;False;True;False;;;;;;;;;;;;;;;;;;
162;1;34.2;;;;False;True;False;;;;;;;;;;;;;;;;;;
163;1;34.1;;;;False;True;False;;;;;;;;;;;;;;;;;;
164;1;22.2;;;;False;True;True;;;;;;;;;;;;;;;;;;
165;1;22.1;;;;False;True;True;;;;;;;;;;;;;;;;;;
166;1;44.1;;;;False;False;True;;;;;;;;;;;;;;;;;;
167;1;44.2;;;;False;False;True;;;;;;;;;;;;;;;;;;
168;7;848.3;;;;;;;True;True;False;;;;;;;;;;;;;;;
169;7;848.1;;;;;;;True;True;False;;;;;;;;;;;;;;;
170;7;842.2;;;;;;;True;True;True;;;;;;;;;;;;;;;
171;7;842.1;;;;;;;True;True;True;;;;;;;;;;;;;;;
172;7;827.1;;;;;;;True;True;True;;;;;;;;;;;;;;;
173;7;827.2;;;;;;;True;True;True;;;;;;;;;;;;;;;
174;7;813.1;;;;;;;True;False;False;;;;;;;;;;;;;;;
175;7;813.2;;;;;;;True;False;False;;;;;;;;;;;;;;;
176;7;811.1;;;;;;;True;True;False;;;;;;;;;;;;;;;
177;7;811.3;;;;;;;True;True;False;;;;;;;;;;;;;;;
178;7;820.3;;;;;;;True;True;False;;;;;;;;;;;;;;;
179;7;820.1;;;;;;;True;True;False;;;;;;;;;;;;;;;
180;7;850.1;;;;;;;True;True;False;;;;;;;;;;;;;;;
181;7;850.2;;;;;;;True;True;False;;;;;;;;;;;;;;;
182;7;841.3;;;;;;;True;True;True;;;;;;;;;;;;;;;
183;7;841.1;;;;;;;True;True;True;;;;;;;;;;;;;;;
184;7;834.1;;;;;;;True;True;False;;;;;;;;;;;;;;;
185;7;834.2;;;;;;;True;True;False;;;;;;;;;;;;;;;
186;7;824.3;;;;;;;True;True;True;;;;;;;;;;;;;;;
187;7;824.1;;;;;;;True;True;True;;;;;;;;;;;;;;;
188;7;840.2;;;;;;;True;True;False;;;;;;;;;;;;;;;
189;7;840.1;;;;;;;True;True;False;;;;;;;;;;;;;;;
190;7;854.2;;;;;;;True;False;False;;;;;;;;;;;;;;;
191;7;854.1;;;;;;;True;False;False;;;;;;;;;;;;;;;
192;7;838.2;;;;;;;True;True;True;;;;;;;;;;;;;;;
193;7;838.1;;;;;;;True;True;True;;;;;;;;;;;;;;;
194;7;836.1;;;;;;;True;True;True;;;;;;;;;;;;;;;
195;7;836.3;;;;;;;True;True;True;;;;;;;;;;;;;;;
196;7;815.1;;;;;;;True;True;False;;;;;;;;;;;;;;;
197;7;815.3;;;;;;;True;True;False;;;;;;;;;;;;;;;
198;7;852.2;;;;;;;True;True;True;;;;;;;;;;;;;;;
199;7;852.1;;;;;;;True;True;True;;;;;;;;;;;;;;;
200;7;812.2;;;;;;;True;True;True;;;;;;;;;;;;;;;
201;7;812.1;;;;;;;True;True;True;;;;;;;;;;;;;;;
202;7;830.2;;;;;;;True;False;False;;;;;;;;;;;;;;;
203;7;830.1;;;;;;;True;False;False;;;;;;;;;;;;;;;
204;7;819.1;;;;;;;True;True;False;;;;;;;;;;;;;;;
205;7;819.2;;;;;;;True;True;False;;;;;;;;;;;;;;;
206;7;832.2;;;;;;;True;True;True;;;;;;;;;;;;;;;
207;7;832.1;;;;;;;True;True;True;;;;;;;;;;;;;;;
208;7;822.1;;;;;;;True;False;False;;;;;;;;;;;;;;;
209;7;822.2;;;;;;;True;False;False;;;;;;;;;;;;;;;
210;7;847.1;;;;;;;True;True;False;;;;;;;;;;;;;;;
211;7;847.3;;;;;;;True;True;False;;;;;;;;;;;;;;;
212;7;837.2;;;;;;;True;True;False;;;;;;;;;;;;;;;
213;7;837.1;;;;;;;True;True;False;;;;;;;;;;;;;;;
214;7;839.2;;;;;;;True;True;False;;;;;;;;;;;;;;;
215;7;839.1;;;;;;;True;True;False;;;;;;;;;;;;;;;
216;7;816.2;;;;;;;True;True;True;;;;;;;;;;;;;;;
217;7;816.1;;;;;;;True;True;True;;;;;;;;;;;;;;;
218;7;843.1;;;;;;;True;True;True;;;;;;;;;;;;;;;
219;7;843.2;;;;;;;True;True;True;;;;;;;;;;;;;;;
220;7;817.1;;;;;;;True;False;False;;;;;;;;;;;;;;;
221;7;817.3;;;;;;;True;False;False;;;;;;;;;;;;;;;
222;7;814.2;;;;;;;True;False;False;;;;;;;;;;;;;;;
223;7;814.1;;;;;;;True;False;False;;;;;;;;;;;;;;;
224;7;849.2;;;;;;;True;False;True;;;;;;;;;;;;;;;
225;7;849.1;;;;;;;True;False;True;;;;;;;;;;;;;;;
226;7;835.3;;;;;;;True;False;True;;;;;;;;;;;;;;;
227;7;835.1;;;;;;;True;False;True;;;;;;;;;;;;;;;
228;7;851.1;;;;;;;False;True;True;;;;;;;;;;;;;;;
229;7;851.3;;;;;;;False;True;True;;;;;;;;;;;;;;;
230;7;818.2;;;;;;;False;True;False;;;;;;;;;;;;;;;
231;7;818.1;;;;;;;False;True;False;;;;;;;;;;;;;;;
232;7;831.2;;;;;;;False;True;True;;;;;;;;;;;;;;;
233;7;831.1;;;;;;;False;True;True;;;;;;;;;;;;;;;
234;7;855.1;;;;;;;False;True;False;;;;;;;;;;;;;;;
235;7;855.2;;;;;;;False;True;False;;;;;;;;;;;;;;;
236;7;828.1;;;;;;;False;True;False;;;;;;;;;;;;;;;
237;7;828.2;;;;;;;False;True;False;;;;;;;;;;;;;;;
238;7;844.1;;;;;;;False;True;False;;;;;;;;;;;;;;;
239;7;844.3;;;;;;;False;True;False;;;;;;;;;;;;;;;
240;7;829.1;;;;;;;False;True;False;;;;;;;;;;;;;;;
241;7;829.3;;;;;;;False;True;False;;;;;;;;;;;;;;;
242;7;845.2;;;;;;;False;True;False;;;;;;;;;;;;;;;
243;7;845.1;;;;;;;False;True;False;;;;;;;;;;;;;;;
244;7;853.1;;;;;;;False;False;True;;;;;;;;;;;;;;;
245;7;853.3;;;;;;;False;False;True;;;;;;;;;;;;;;;
246;7;823.1;;;;;;;False;False;True;;;;;;;;;;;;;;;
247;7;823.3;;;;;;;False;False;True;;;;;;;;;;;;;;;
248;7;833.1;;;;;;;False;False;True;;;;;;;;;;;;;;;
249;7;833.3;;;;;;;False;False;True;;;;;;;;;;;;;;;
250;7;846.2;;;;;;;False;False;True;;;;;;;;;;;;;;;
251;7;846.1;;;;;;;False;False;True;;;;;;;;;;;;;;;
252;7;825.1;;;;;;;False;False;True;;;;;;;;;;;;;;;
253;7;825.2;;;;;;;False;False;True;;;;;;;;;;;;;;;
254;2;158.1;;;;;;;;;;True;True;True;;;;;;;;;;;;
255;2;158.2;;;;;;;;;;True;True;True;;;;;;;;;;;;
256;2;161.2;;;;;;;;;;True;False;True;;;;;;;;;;;;
257;2;161.1;;;;;;;;;;True;False;True;;;;;;;;;;;;
258;2;153.3;;;;;;;;;;True;True;True;;;;;;;;;;;;
259;2;153.1;;;;;;;;;;True;True;True;;;;;;;;;;;;
260;2;145.1;;;;;;;;;;True;True;True;;;;;;;;;;;;
261;2;145.2;;;;;;;;;;True;True;True;;;;;;;;;;;;
262;2;157.3;;;;;;;;;;True;True;True;;;;;;;;;;;;
263;2;157.1;;;;;;;;;;True;True;True;;;;;;;;;;;;
264;2;167.1;;;;;;;;;;True;False;False;;;;;;;;;;;;
265;2;167.3;;;;;;;;;;True;False;False;;;;;;;;;;;;
266;2;179.2;;;;;;;;;;True;True;True;;;;;;;;;;;;
267;2;179.1;;;;;;;;;;True;True;True;;;;;;;;;;;;
268;2;165.1;;;;;;;;;;True;True;False;;;;;;;;;;;;
269;2;165.3;;;;;;;;;;True;True;False;;;;;;;;;;;;
270;2;139.1;;;;;;;;;;True;True;True;;;;;;;;;;;;
271;2;139.3;;;;;;;;;;True;True;True;;;;;;;;;;;;
272;2;146.2;;;;;;;;;;True;False;True;;;;;;;;;;;;
273;2;146.1;;;;;;;;;;True;False;True;;;;;;;;;;;;
274;2;177.1;;;;;;;;;;True;True;True;;;;;;;;;;;;
275;2;177.3;;;;;;;;;;True;True;True;;;;;;;;;;;;
276;2;171.3;;;;;;;;;;True;False;True;;;;;;;;;;;;
277;2;171.1;;;;;;;;;;True;False;True;;;;;;;;;;;;
278;2;138.1;;;;;;;;;;True;True;True;;;;;;;;;;;;
279;2;138.2;;;;;;;;;;True;True;True;;;;;;;;;;;;
280;2;152.2;;;;;;;;;;True;True;False;;;;;;;;;;;;
281;2;152.1;;;;;;;;;;True;True;False;;;;;;;;;;;;
282;2;174.2;;;;;;;;;;True;True;True;;;;;;;;;;;;
283;2;174.1;;;;;;;;;;True;True;True;;;;;;;;;;;;
284;2;143.1;;;;;;;;;;True;False;False;;;;;;;;;;;;
285;2;143.3;;;;;;;;;;True;False;False;;;;;;;;;;;;
286;2;144.1;;;;;;;;;;True;True;True;;;;;;;;;;;;
287;2;144.2;;;;;;;;;;True;True;True;;;;;;;;;;;;
288;2;178.3;;;;;;;;;;True;True;True;;;;;;;;;;;;
289;2;178.1;;;;;;;;;;True;True;True;;;;;;;;;;;;
290;2;142.1;;;;;;;;;;True;True;True;;;;;;;;;;;;
291;2;142.2;;;;;;;;;;True;True;True;;;;;;;;;;;;
292;2;136.2;;;;;;;;;;True;False;False;;;;;;;;;;;;
293;2;136.1;;;;;;;;;;True;False;False;;;;;;;;;;;;
294;2;168.2;;;;;;;;;;True;True;False;;;;;;;;;;;;
295;2;168.1;;;;;;;;;;True;True;False;;;;;;;;;;;;
296;2;172.1;;;;;;;;;;True;True;False;;;;;;;;;;;;
297;2;172.2;;;;;;;;;;True;True;False;;;;;;;;;;;;
298;2;141.1;;;;;;;;;;True;True;False;;;;;;;;;;;;
299;2;141.3;;;;;;;;;;True;True;False;;;;;;;;;;;;
300;2;149.3;;;;;;;;;;True;False;False;;;;;;;;;;;;
301;2;149.1;;;;;;;;;;True;False;False;;;;;;;;;;;;
302;2;173.3;;;;;;;;;;True;True;True;;;;;;;;;;;;
303;2;173.1;;;;;;;;;;True;True;True;;;;;;;;;;;;
304;2;169.2;;;;;;;;;;True;True;False;;;;;;;;;;;;
305;2;169.1;;;;;;;;;;True;True;False;;;;;;;;;;;;
306;2;166.1;;;;;;;;;;True;True;True;;;;;;;;;;;;
307;2;166.2;;;;;;;;;;True;True;True;;;;;;;;;;;;
308;2;163.2;;;;;;;;;;True;True;True;;;;;;;;;;;;
309;2;163.1;;;;;;;;;;True;True;True;;;;;;;;;;;;
310;2;160.2;;;;;;;;;;True;True;True;;;;;;;;;;;;
311;2;160.1;;;;;;;;;;True;True;True;;;;;;;;;;;;
312;2;164.1;;;;;;;;;;True;True;True;;;;;;;;;;;;
313;2;164.3;;;;;;;;;;True;True;True;;;;;;;;;;;;
314;2;176.1;;;;;;;;;;False;True;True;;;;;;;;;;;;
315;2;176.3;;;;;;;;;;False;True;True;;;;;;;;;;;;
316;2;150.2;;;;;;;;;;False;True;True;;;;;;;;;;;;
317;2;150.1;;;;;;;;;;False;True;True;;;;;;;;;;;;
318;2;147.3;;;;;;;;;;False;True;False;;;;;;;;;;;;
319;2;147.1;;;;;;;;;;False;True;False;;;;;;;;;;;;
320;2;156.1;;;;;;;;;;False;True;True;;;;;;;;;;;;
321;2;156.2;;;;;;;;;;False;True;True;;;;;;;;;;;;
322;2;180.2;;;;;;;;;;False;True;True;;;;;;;;;;;;
323;2;180.1;;;;;;;;;;False;True;True;;;;;;;;;;;;
324;2;159.1;;;;;;;;;;False;True;False;;;;;;;;;;;;
325;2;159.2;;;;;;;;;;False;True;False;;;;;;;;;;;;
326;2;140.1;;;;;;;;;;False;True;True;;;;;;;;;;;;
327;2;140.3;;;;;;;;;;False;True;True;;;;;;;;;;;;
328;2;175.2;;;;;;;;;;False;False;True;;;;;;;;;;;;
329;2;175.1;;;;;;;;;;False;False;True;;;;;;;;;;;;
330;2;137.1;;;;;;;;;;False;False;True;;;;;;;;;;;;
331;2;137.3;;;;;;;;;;False;False;True;;;;;;;;;;;;
332;2;155.1;;;;;;;;;;False;False;True;;;;;;;;;;;;
333;2;155.3;;;;;;;;;;False;False;True;;;;;;;;;;;;
334;2;162.1;;;;;;;;;;False;False;True;;;;;;;;;;;;
335;2;162.2;;;;;;;;;;False;False;True;;;;;;;;;;;;
336;2;148.3;;;;;;;;;;False;False;True;;;;;;;;;;;;
337;2;148.1;;;;;;;;;;False;False;True;;;;;;;;;;;;
338;5;554.3;;;;;;;;;;;;;True;True;True;;;;;;;;;
339;5;554.1;;;;;;;;;;;;;True;True;True;;;;;;;;;
340;5;570.1;;;;;;;;;;;;;True;False;False;;;;;;;;;
341;5;570.2;;;;;;;;;;;;;True;False;False;;;;;;;;;
342;5;546.3;;;;;;;;;;;;;True;False;True;;;;;;;;;
343;5;546.1;;;;;;;;;;;;;True;False;True;;;;;;;;;
344;5;566.2;;;;;;;;;;;;;True;True;True;;;;;;;;;
345;5;566.1;;;;;;;;;;;;;True;True;True;;;;;;;;;
346;5;576.4;;;;;;;;;;;;;True;True;True;;;;;;;;;
347;5;576.1;;;;;;;;;;;;;True;True;True;;;;;;;;;
348;5;559.1;;;;;;;;;;;;;True;True;True;;;;;;;;;
349;5;559.3;;;;;;;;;;;;;True;True;True;;;;;;;;;
350;5;575.3;;;;;;;;;;;;;True;False;True;;;;;;;;;
351;5;575.1;;;;;;;;;;;;;True;False;True;;;;;;;;;
352;5;573.1;;;;;;;;;;;;;True;True;True;;;;;;;;;
353;5;573.3;;;;;;;;;;;;;True;True;True;;;;;;;;;
354;5;579.3;;;;;;;;;;;;;True;False;True;;;;;;;;;
355;5;579.1;;;;;;;;;;;;;True;False;True;;;;;;;;;
356;5;558.1;;;;;;;;;;;;;True;False;True;;;;;;;;;
357;5;558.3;;;;;;;;;;;;;True;False;True;;;;;;;;;
358;5;544.1;;;;;;;;;;;;;True;True;False;;;;;;;;;
359;5;544.3;;;;;;;;;;;;;True;True;False;;;;;;;;;
360;5;542.1;;;;;;;;;;;;;True;True;False;;;;;;;;;
361;5;542.4;;;;;;;;;;;;;True;True;False;;;;;;;;;
362;5;574.3;;;;;;;;;;;;;True;True;False;;;;;;;;;
363;5;574.1;;;;;;;;;;;;;True;True;False;;;;;;;;;
364;5;564.1;;;;;;;;;;;;;True;True;True;;;;;;;;;
365;5;564.6;;;;;;;;;;;;;True;True;True;;;;;;;;;
366;5;563.1;;;;;;;;;;;;;True;True;False;;;;;;;;;
367;5;563.3;;;;;;;;;;;;;True;True;False;;;;;;;;;
368;5;556.4;;;;;;;;;;;;;True;False;False;;;;;;;;;
369;5;556.1;;;;;;;;;;;;;True;False;False;;;;;;;;;
370;5;550.1;;;;;;;;;;;;;True;True;True;;;;;;;;;
371;5;550.2;;;;;;;;;;;;;True;True;True;;;;;;;;;
372;5;580.1;;;;;;;;;;;;;True;False;False;;;;;;;;;
373;5;580.2;;;;;;;;;;;;;True;False;False;;;;;;;;;
374;5;569.1;;;;;;;;;;;;;True;False;True;;;;;;;;;
375;5;569.2;;;;;;;;;;;;;True;False;True;;;;;;;;;
376;5;584.1;;;;;;;;;;;;;True;True;True;;;;;;;;;
377;5;584.3;;;;;;;;;;;;;True;True;True;;;;;;;;;
378;5;571.1;;;;;;;;;;;;;True;False;True;;;;;;;;;
379;5;571.2;;;;;;;;;;;;;True;False;True;;;;;;;;;
380;5;567.4;;;;;;;;;;;;;True;True;True;;;;;;;;;
381;5;567.1;;;;;;;;;;;;;True;True;True;;;;;;;;;
382;5;581.1;;;;;;;;;;;;;True;True;True;;;;;;;;;
383;5;581.3;;;;;;;;;;;;;True;True;True;;;;;;;;;
384;5;548.2;;;;;;;;;;;;;True;False;True;;;;;;;;;
385;5;548.1;;;;;;;;;;;;;True;False;True;;;;;;;;;
386;5;541.1;;;;;;;;;;;;;True;True;True;;;;;;;;;
387;5;541.2;;;;;;;;;;;;;True;True;True;;;;;;;;;
388;5;565.2;;;;;;;;;;;;;True;False;True;;;;;;;;;
389;5;565.1;;;;;;;;;;;;;True;False;True;;;;;;;;;
390;5;560.3;;;;;;;;;;;;;True;False;True;;;;;;;;;
391;5;560.1;;;;;;;;;;;;;True;False;True;;;;;;;;;
392;5;561.2;;;;;;;;;;;;;True;True;True;;;;;;;;;
393;5;561.1;;;;;;;;;;;;;True;True;True;;;;;;;;;
394;5;553.2;;;;;;;;;;;;;True;False;True;;;;;;;;;
395;5;553.1;;;;;;;;;;;;;True;False;True;;;;;;;;;
396;5;585.3;;;;;;;;;;;;;True;False;False;;;;;;;;;
397;5;585.1;;;;;;;;;;;;;True;False;False;;;;;;;;;
398;5;583.1;;;;;;;;;;;;;False;True;True;;;;;;;;;
399;5;583.4;;;;;;;;;;;;;False;True;True;;;;;;;;;
400;5;543.3;;;;;;;;;;;;;False;True;True;;;;;;;;;
401;5;543.1;;;;;;;;;;;;;False;True;True;;;;;;;;;
402;5;578.2;;;;;;;;;;;;;False;True;False;;;;;;;;;
403;5;578.1;;;;;;;;;;;;;False;True;False;;;;;;;;;
404;5;545.1;;;;;;;;;;;;;False;True;True;;;;;;;;;
405;5;545.2;;;;;;;;;;;;;False;True;True;;;;;;;;;
406;5;549.2;;;;;;;;;;;;;False;False;True;;;;;;;;;
407;5;549.1;;;;;;;;;;;;;False;False;True;;;;;;;;;
408;5;557.4;;;;;;;;;;;;;False;False;True;;;;;;;;;
409;5;557.1;;;;;;;;;;;;;False;False;True;;;;;;;;;
410;5;552.1;;;;;;;;;;;;;False;False;True;;;;;;;;;
411;5;552.3;;;;;;;;;;;;;False;False;True;;;;;;;;;
412;5;582.1;;;;;;;;;;;;;False;False;True;;;;;;;;;
413;5;582.2;;;;;;;;;;;;;False;False;True;;;;;;;;;
414;5;568.1;;;;;;;;;;;;;False;False;True;;;;;;;;;
415;5;568.3;;;;;;;;;;;;;False;False;True;;;;;;;;;
416;6;711.1;;;;;;;;;;;;;;;;True;True;False;;;;;;
417;6;711.2;;;;;;;;;;;;;;;;True;True;False;;;;;;
418;6;714.2;;;;;;;;;;;;;;;;True;True;True;;;;;;
419;6;714.1;;;;;;;;;;;;;;;;True;True;True;;;;;;
420;6;704.4;;;;;;;;;;;;;;;;True;True;True;;;;;;
421;6;704.1;;;;;;;;;;;;;;;;True;True;True;;;;;;
422;6;709.1;;;;;;;;;;;;;;;;True;True;True;;;;;;
423;6;709.4;;;;;;;;;;;;;;;;True;True;True;;;;;;
424;6;706.1;;;;;;;;;;;;;;;;True;True;True;;;;;;
425;6;706.3;;;;;;;;;;;;;;;;True;True;True;;;;;;
426;6;716.3;;;;;;;;;;;;;;;;True;True;True;;;;;;
427;6;716.1;;;;;;;;;;;;;;;;True;True;True;;;;;;
428;6;692.1;;;;;;;;;;;;;;;;True;True;True;;;;;;
429;6;692.2;;;;;;;;;;;;;;;;True;True;True;;;;;;
430;6;693.3;;;;;;;;;;;;;;;;True;True;False;;;;;;
431;6;693.1;;;;;;;;;;;;;;;;True;True;False;;;;;;
432;6;701.2;;;;;;;;;;;;;;;;True;True;True;;;;;;
433;6;701.1;;;;;;;;;;;;;;;;True;True;True;;;;;;
434;6;690.3;;;;;;;;;;;;;;;;True;True;True;;;;;;
435;6;690.1;;;;;;;;;;;;;;;;True;True;True;;;;;;
436;6;707.2;;;;;;;;;;;;;;;;True;False;False;;;;;;
437;6;707.1;;;;;;;;;;;;;;;;True;False;False;;;;;;
438;6;696.1;;;;;;;;;;;;;;;;True;False;True;;;;;;
439;6;696.2;;;;;;;;;;;;;;;;True;False;True;;;;;;
440;6;688.2;;;;;;;;;;;;;;;;True;True;True;;;;;;
441;6;688.1;;;;;;;;;;;;;;;;True;True;True;;;;;;
442;6;705.1;;;;;;;;;;;;;;;;True;True;True;;;;;;
443;6;705.4;;;;;;;;;;;;;;;;True;True;True;;;;;;
444;6;682.3;;;;;;;;;;;;;;;;True;True;True;;;;;;
445;6;682.1;;;;;;;;;;;;;;;;True;True;True;;;;;;
446;6;678.3;;;;;;;;;;;;;;;;True;True;False;;;;;;
447;6;678.1;;;;;;;;;;;;;;;;True;True;False;;;;;;
448;6;700.2;;;;;;;;;;;;;;;;True;True;True;;;;;;
449;6;700.1;;;;;;;;;;;;;;;;True;True;True;;;;;;
450;6;703.1;;;;;;;;;;;;;;;;True;True;True;;;;;;
451;6;703.3;;;;;;;;;;;;;;;;True;True;True;;;;;;
452;6;681.1;;;;;;;;;;;;;;;;True;True;False;;;;;;
453;6;681.2;;;;;;;;;;;;;;;;True;True;False;;;;;;
454;6;689.3;;;;;;;;;;;;;;;;True;True;True;;;;;;
455;6;689.1;;;;;;;;;;;;;;;;True;True;True;;;;;;
456;6;718.2;;;;;;;;;;;;;;;;False;True;True;;;;;;
457;6;718.1;;;;;;;;;;;;;;;;False;True;True;;;;;;
458;6;691.1;;;;;;;;;;;;;;;;False;True;True;;;;;;
459;6;691.2;;;;;;;;;;;;;;;;False;True;True;;;;;;
460;6;699.1;;;;;;;;;;;;;;;;False;True;True;;;;;;
461;6;699.2;;;;;;;;;;;;;;;;False;True;True;;;;;;
462;6;697.3;;;;;;;;;;;;;;;;False;True;True;;;;;;
463;6;697.1;;;;;;;;;;;;;;;;False;True;True;;;;;;
464;6;698.3;;;;;;;;;;;;;;;;False;True;True;;;;;;
465;6;698.1;;;;;;;;;;;;;;;;False;True;True;;;;;;
466;6;712.3;;;;;;;;;;;;;;;;False;True;True;;;;;;
467;6;712.1;;;;;;;;;;;;;;;;False;True;True;;;;;;
468;6;679.1;;;;;;;;;;;;;;;;False;True;True;;;;;;
469;6;679.4;;;;;;;;;;;;;;;;False;True;True;;;;;;
470;6;680.3;;;;;;;;;;;;;;;;False;True;False;;;;;;
471;6;680.1;;;;;;;;;;;;;;;;False;True;False;;;;;;
472;6;683.3;;;;;;;;;;;;;;;;False;True;False;;;;;;
473;6;683.1;;;;;;;;;;;;;;;;False;True;False;;;;;;
474;6;687.1;;;;;;;;;;;;;;;;False;True;True;;;;;;
475;6;687.3;;;;;;;;;;;;;;;;False;True;True;;;;;;
476;6;720.4;;;;;;;;;;;;;;;;False;True;False;;;;;;
477;6;720.1;;;;;;;;;;;;;;;;False;True;False;;;;;;
478;6;708.1;;;;;;;;;;;;;;;;False;True;True;;;;;;
479;6;708.2;;;;;;;;;;;;;;;;False;True;True;;;;;;
480;6;710.3;;;;;;;;;;;;;;;;False;False;True;;;;;;
481;6;710.1;;;;;;;;;;;;;;;;False;False;True;;;;;;
482;6;702.1;;;;;;;;;;;;;;;;False;False;True;;;;;;
483;6;702.3;;;;;;;;;;;;;;;;False;False;True;;;;;;
484;6;685.2;;;;;;;;;;;;;;;;False;False;True;;;;;;
485;6;685.1;;;;;;;;;;;;;;;;False;False;True;;;;;;
486;6;676.1;;;;;;;;;;;;;;;;False;False;True;;;;;;
487;6;676.3;;;;;;;;;;;;;;;;False;False;True;;;;;;
488;6;686.3;;;;;;;;;;;;;;;;False;False;True;;;;;;
489;6;686.1;;;;;;;;;;;;;;;;False;False;True;;;;;;
490;6;713.4;;;;;;;;;;;;;;;;False;False;True;;;;;;
491;6;713.1;;;;;;;;;;;;;;;;False;False;True;;;;;;
492;8;978.1;;;;;;;;;;;;;;;;;;;True;True;False;;;
493;8;978.2;;;;;;;;;;;;;;;;;;;True;True;False;;;
494;8;968.2;;;;;;;;;;;;;;;;;;;True;True;True;;;
495;8;968.1;;;;;;;;;;;;;;;;;;;True;True;True;;;
496;8;954.3;;;;;;;;;;;;;;;;;;;True;True;True;;;
497;8;954.1;;;;;;;;;;;;;;;;;;;True;True;True;;;
498;8;977.1;;;;;;;;;;;;;;;;;;;True;True;False;;;
499;8;977.3;;;;;;;;;;;;;;;;;;;True;True;False;;;
500;8;955.1;;;;;;;;;;;;;;;;;;;True;True;False;;;
501;8;955.2;;;;;;;;;;;;;;;;;;;True;True;False;;;
502;8;972.1;;;;;;;;;;;;;;;;;;;True;True;True;;;
503;8;972.3;;;;;;;;;;;;;;;;;;;True;True;True;;;
504;8;950.1;;;;;;;;;;;;;;;;;;;True;False;True;;;
505;8;950.3;;;;;;;;;;;;;;;;;;;True;False;True;;;
506;8;953.3;;;;;;;;;;;;;;;;;;;True;False;True;;;
507;8;953.1;;;;;;;;;;;;;;;;;;;True;False;True;;;
508;8;952.3;;;;;;;;;;;;;;;;;;;True;True;False;;;
509;8;952.1;;;;;;;;;;;;;;;;;;;True;True;False;;;
510;8;949.1;;;;;;;;;;;;;;;;;;;True;False;True;;;
511;8;949.3;;;;;;;;;;;;;;;;;;;True;False;True;;;
512;8;970.1;;;;;;;;;;;;;;;;;;;True;False;True;;;
513;8;970.2;;;;;;;;;;;;;;;;;;;True;False;True;;;
514;8;973.2;;;;;;;;;;;;;;;;;;;True;False;True;;;
515;8;973.1;;;;;;;;;;;;;;;;;;;True;False;True;;;
516;8;946.2;;;;;;;;;;;;;;;;;;;True;True;False;;;
517;8;946.1;;;;;;;;;;;;;;;;;;;True;True;False;;;
518;8;983.3;;;;;;;;;;;;;;;;;;;True;False;False;;;
519;8;983.1;;;;;;;;;;;;;;;;;;;True;False;False;;;
520;8;981.1;;;;;;;;;;;;;;;;;;;True;False;False;;;
521;8;981.3;;;;;;;;;;;;;;;;;;;True;False;False;;;
522;8;948.1;;;;;;;;;;;;;;;;;;;True;True;True;;;
523;8;948.3;;;;;;;;;;;;;;;;;;;True;True;True;;;
524;8;961.1;;;;;;;;;;;;;;;;;;;True;True;False;;;
525;8;961.2;;;;;;;;;;;;;;;;;;;True;True;False;;;
526;8;947.2;;;;;;;;;;;;;;;;;;;True;True;True;;;
527;8;947.1;;;;;;;;;;;;;;;;;;;True;True;True;;;
528;8;951.2;;;;;;;;;;;;;;;;;;;True;True;False;;;
529;8;951.1;;;;;;;;;;;;;;;;;;;True;True;False;;;
530;8;959.2;;;;;;;;;;;;;;;;;;;True;False;False;;;
531;8;959.1;;;;;;;;;;;;;;;;;;;True;False;False;;;
532;8;990.1;;;;;;;;;;;;;;;;;;;True;False;True;;;
533;8;990.3;;;;;;;;;;;;;;;;;;;True;False;True;;;
534;8;967.1;;;;;;;;;;;;;;;;;;;True;True;True;;;
535;8;967.3;;;;;;;;;;;;;;;;;;;True;True;True;;;
536;8;984.1;;;;;;;;;;;;;;;;;;;True;True;False;;;
537;8;984.2;;;;;;;;;;;;;;;;;;;True;True;False;;;
538;8;966.1;;;;;;;;;;;;;;;;;;;True;True;False;;;
539;8;966.2;;;;;;;;;;;;;;;;;;;True;True;False;;;
540;8;964.1;;;;;;;;;;;;;;;;;;;True;True;False;;;
541;8;964.2;;;;;;;;;;;;;;;;;;;True;True;False;;;
542;8;985.3;;;;;;;;;;;;;;;;;;;True;True;False;;;
543;8;985.1;;;;;;;;;;;;;;;;;;;True;True;False;;;
544;8;960.1;;;;;;;;;;;;;;;;;;;True;False;True;;;
545;8;960.3;;;;;;;;;;;;;;;;;;;True;False;True;;;
546;8;957.1;;;;;;;;;;;;;;;;;;;True;True;False;;;
547;8;957.3;;;;;;;;;;;;;;;;;;;True;True;False;;;
548;8;979.1;;;;;;;;;;;;;;;;;;;True;True;True;;;
549;8;979.2;;;;;;;;;;;;;;;;;;;True;True;True;;;
550;8;956.1;;;;;;;;;;;;;;;;;;;True;True;False;;;
551;8;956.2;;;;;;;;;;;;;;;;;;;True;True;False;;;
552;8;958.3;;;;;;;;;;;;;;;;;;;False;True;True;;;
553;8;958.1;;;;;;;;;;;;;;;;;;;False;True;True;;;
554;8;976.1;;;;;;;;;;;;;;;;;;;False;True;False;;;
555;8;976.2;;;;;;;;;;;;;;;;;;;False;True;False;;;
556;8;963.1;;;;;;;;;;;;;;;;;;;False;True;False;;;
557;8;963.2;;;;;;;;;;;;;;;;;;;False;True;False;;;
558;8;969.3;;;;;;;;;;;;;;;;;;;False;True;True;;;
559;8;969.1;;;;;;;;;;;;;;;;;;;False;True;True;;;
560;8;962.1;;;;;;;;;;;;;;;;;;;False;True;True;;;
561;8;962.4;;;;;;;;;;;;;;;;;;;False;True;True;;;
562;8;986.1;;;;;;;;;;;;;;;;;;;False;True;True;;;
563;8;986.2;;;;;;;;;;;;;;;;;;;False;True;True;;;
564;8;989.2;;;;;;;;;;;;;;;;;;;False;True;False;;;
565;8;989.1;;;;;;;;;;;;;;;;;;;False;True;False;;;
566;8;975.1;;;;;;;;;;;;;;;;;;;False;True;False;;;
567;8;975.3;;;;;;;;;;;;;;;;;;;False;True;False;;;
568;8;965.1;;;;;;;;;;;;;;;;;;;False;True;False;;;
569;8;965.2;;;;;;;;;;;;;;;;;;;False;True;False;;;
570;8;974.2;;;;;;;;;;;;;;;;;;;False;True;True;;;
571;8;974.1;;;;;;;;;;;;;;;;;;;False;True;True;;;
572;8;988.2;;;;;;;;;;;;;;;;;;;False;False;True;;;
573;8;988.1;;;;;;;;;;;;;;;;;;;False;False;True;;;
574;4;441.1;;;;;;;;;;;;;;;;;;;;;;True;False;True
575;4;441.2;;;;;;;;;;;;;;;;;;;;;;True;False;True
576;4;413.1;;;;;;;;;;;;;;;;;;;;;;True;True;True
577;4;413.3;;;;;;;;;;;;;;;;;;;;;;True;True;True
578;4;448.3;;;;;;;;;;;;;;;;;;;;;;True;True;False
579;4;448.1;;;;;;;;;;;;;;;;;;;;;;True;True;False
580;4;417.1;;;;;;;;;;;;;;;;;;;;;;True;True;True
581;4;417.2;;;;;;;;;;;;;;;;;;;;;;True;True;True
582;4;421.7;;;;;;;;;;;;;;;;;;;;;;True;False;True
583;4;421.1;;;;;;;;;;;;;;;;;;;;;;True;False;True
584;4;427.1;;;;;;;;;;;;;;;;;;;;;;True;True;True
585;4;427.3;;;;;;;;;;;;;;;;;;;;;;True;True;True
586;4;436.1;;;;;;;;;;;;;;;;;;;;;;True;True;True
587;4;436.3;;;;;;;;;;;;;;;;;;;;;;True;True;True
588;4;434.2;;;;;;;;;;;;;;;;;;;;;;True;True;True
589;4;434.1;;;;;;;;;;;;;;;;;;;;;;True;True;True
590;4;424.1;;;;;;;;;;;;;;;;;;;;;;True;False;False
591;4;424.2;;;;;;;;;;;;;;;;;;;;;;True;False;False
592;4;428.1;;;;;;;;;;;;;;;;;;;;;;True;True;False
593;4;428.3;;;;;;;;;;;;;;;;;;;;;;True;True;False
594;4;445.1;;;;;;;;;;;;;;;;;;;;;;True;True;False
595;4;445.2;;;;;;;;;;;;;;;;;;;;;;True;True;False
596;4;420.3;;;;;;;;;;;;;;;;;;;;;;True;True;True
597;4;420.1;;;;;;;;;;;;;;;;;;;;;;True;True;True
598;4;411.1;;;;;;;;;;;;;;;;;;;;;;True;False;True
599;4;411.5;;;;;;;;;;;;;;;;;;;;;;True;False;True
600;4;440.1;;;;;;;;;;;;;;;;;;;;;;True;True;False
601;4;440.3;;;;;;;;;;;;;;;;;;;;;;True;True;False
602;4;450.1;;;;;;;;;;;;;;;;;;;;;;True;True;True
603;4;450.2;;;;;;;;;;;;;;;;;;;;;;True;True;True
604;4;430.2;;;;;;;;;;;;;;;;;;;;;;True;True;False
605;4;430.1;;;;;;;;;;;;;;;;;;;;;;True;True;False
606;4;432.2;;;;;;;;;;;;;;;;;;;;;;True;True;False
607;4;432.1;;;;;;;;;;;;;;;;;;;;;;True;True;False
608;4;414.1;;;;;;;;;;;;;;;;;;;;;;True;True;True
609;4;414.3;;;;;;;;;;;;;;;;;;;;;;True;True;True
610;4;444.1;;;;;;;;;;;;;;;;;;;;;;True;False;False
611;4;444.4;;;;;;;;;;;;;;;;;;;;;;True;False;False
612;4;419.2;;;;;;;;;;;;;;;;;;;;;;True;True;True
613;4;419.1;;;;;;;;;;;;;;;;;;;;;;True;True;True
614;4;437.3;;;;;;;;;;;;;;;;;;;;;;True;False;True
615;4;437.1;;;;;;;;;;;;;;;;;;;;;;True;False;True
616;4;447.3;;;;;;;;;;;;;;;;;;;;;;True;True;False
617;4;447.1;;;;;;;;;;;;;;;;;;;;;;True;True;False
618;4;423.3;;;;;;;;;;;;;;;;;;;;;;True;True;False
619;4;423.1;;;;;;;;;;;;;;;;;;;;;;True;True;False
620;4;442.2;;;;;;;;;;;;;;;;;;;;;;True;False;False
621;4;442.1;;;;;;;;;;;;;;;;;;;;;;True;False;False
622;4;429.1;;;;;;;;;;;;;;;;;;;;;;True;True;False
623;4;429.3;;;;;;;;;;;;;;;;;;;;;;True;True;False
624;4;407.1;;;;;;;;;;;;;;;;;;;;;;True;True;False
625;4;407.3;;;;;;;;;;;;;;;;;;;;;;True;True;False
626;4;408.2;;;;;;;;;;;;;;;;;;;;;;True;False;True
627;4;408.1;;;;;;;;;;;;;;;;;;;;;;True;False;True
628;4;425.1;;;;;;;;;;;;;;;;;;;;;;True;False;False
629;4;425.3;;;;;;;;;;;;;;;;;;;;;;True;False;False
630;4;426.4;;;;;;;;;;;;;;;;;;;;;;True;True;True
631;4;426.1;;;;;;;;;;;;;;;;;;;;;;True;True;True
632;4;431.1;;;;;;;;;;;;;;;;;;;;;;True;True;True
633;4;431.2;;;;;;;;;;;;;;;;;;;;;;True;True;True
634;4;418.6;;;;;;;;;;;;;;;;;;;;;;False;True;False
635;4;418.1;;;;;;;;;;;;;;;;;;;;;;False;True;False
636;4;410.2;;;;;;;;;;;;;;;;;;;;;;False;True;False
637;4;410.1;;;;;;;;;;;;;;;;;;;;;;False;True;False
638;4;406.1;;;;;;;;;;;;;;;;;;;;;;False;True;False
639;4;406.2;;;;;;;;;;;;;;;;;;;;;;False;True;False
640;4;446.1;;;;;;;;;;;;;;;;;;;;;;False;True;False
641;4;446.3;;;;;;;;;;;;;;;;;;;;;;False;True;False
642;4;435.1;;;;;;;;;;;;;;;;;;;;;;False;True;True
643;4;435.3;;;;;;;;;;;;;;;;;;;;;;False;True;True
644;4;438.1;;;;;;;;;;;;;;;;;;;;;;False;True;False
645;4;438.3;;;;;;;;;;;;;;;;;;;;;;False;True;False
646;4;449.1;;;;;;;;;;;;;;;;;;;;;;False;True;True
647;4;449.2;;;;;;;;;;;;;;;;;;;;;;False;True;True
648;4;433.3;;;;;;;;;;;;;;;;;;;;;;False;True;False
649;4;433.1;;;;;;;;;;;;;;;;;;;;;;False;True;False
650;4;422.1;;;;;;;;;;;;;;;;;;;;;;False;True;True
651;4;422.3;;;;;;;;;;;;;;;;;;;;;;False;True;True
652;4;439.1;;;;;;;;;;;;;;;;;;;;;;False;False;True
653;4;439.3;;;;;;;;;;;;;;;;;;;;;;False;False;True
