trial;discarted;calibrate;mean_distance;mean_distance_cal;mean_distance_10;mean_distance_cal_10;mean_distance_nr;fix_removed;session;user;user_set
297.2;False;False;52.38;59.46;;;20.77;2;1;17;3
297.1;False;False;37.38;50.3;;;14.66;1;1;17;3
283.2;False;False;19.9;24.08;;;;0;1;17;3
283.1;False;False;49.64;121.42;;;16.31;2;1;17;3
292.1;False;False;45.52;52.94;;;17.79;1;1;17;3
292.2;False;False;81.46;110.84;;;17.23;2;1;17;3
274.2;False;False;86.0;100.76;;;22.2;1;1;17;3
274.1;False;False;27.0;76.91;;;;0;1;17;3
282.1;False;False;42.87;96.1;;;12.98;1;1;17;3
282.2;False;False;18.7;84.76;;;;0;1;17;3
305.3;False;False;208.32;260.76;34.82;77.51;34.82;2;1;17;3
305.1;False;True;81.93;78.25;;;26.42;3;1;17;3
278.1;False;False;74.96;76.05;;;11.22;1;1;17;3
278.2;False;False;20.01;31.33;;;;0;1;17;3
290.2;False;False;242.34;279.64;45.78;88.86;13.87;2;1;17;3
290.1;False;True;135.34;107.97;90.49;82.72;44.14;13;1;17;3
309.2;False;False;36.96;48.84;;;16.78;1;1;17;3
309.1;False;False;45.15;48.83;;;15.99;1;1;17;3
300.1;False;False;130.96;167.83;2.02;36.93;2.02;2;1;17;3
300.2;False;False;19.87;54.76;;;;0;1;17;3
313.1;False;False;40.93;47.75;;;16.13;2;1;17;3
313.2;False;True;52.57;44.71;;;13.97;1;1;17;3
280.1;False;False;45.98;53.4;;;26.95;1;1;17;3
280.3;False;False;42.5;65.31;;;20.98;1;1;17;3
293.1;False;True;29.14;20.33;;;15.57;1;1;17;3
293.2;False;False;145.42;265.42;8.63;122.15;8.63;2;1;17;3
286.2;False;True;98.57;87.25;;;14.58;1;1;17;3
286.1;False;False;38.01;41.8;;;18.81;2;1;17;3
306.2;False;False;54.46;61.77;;;16.93;1;1;17;3
306.1;False;False;25.07;47.5;;;;0;1;17;3
315.1;False;False;280.25;303.36;40.68;80.58;40.68;1;1;17;3
315.2;False;True;23.29;6.37;;;;0;1;17;3
281.2;False;True;56.85;45.99;;;21.64;1;1;17;3
281.1;False;False;31.46;43.13;;;;0;1;17;3
272.2;False;True;52.72;33.92;;;14.42;2;1;17;3
272.1;False;True;27.73;13.52;;;;0;1;17;3
303.1;False;True;22.68;17.69;;;;0;1;17;3
303.2;False;False;100.35;323.26;27.86;275.6;31.34;1;1;17;3
285.2;False;True;165.58;166.17;35.62;22.69;22.69;2;1;17;3
285.1;False;True;28.29;22.96;;;;0;1;17;3
288.2;False;False;19.86;366.7;;;;0;1;17;3
288.1;False;False;86.51;102.2;;;27.8;1;1;17;3
302.2;False;True;92.95;91.02;;;15.76;1;1;17;3
302.1;False;False;120.04;236.42;24.22;133.3;24.22;2;1;17;3
271.1;False;False;78.68;81.79;;;39.77;1;1;17;3
271.3;False;False;283.51;531.31;31.03;264.85;17.93;3;1;17;3
277.2;False;True;29.26;29.11;;;;0;1;17;3
277.1;False;False;96.21;223.22;;;27.34;1;1;17;3
299.2;False;False;57.43;98.75;;;;0;1;17;3
299.1;False;False;34.48;370.42;;;27.5;1;1;17;3
284.2;False;False;89.91;100.36;;;23.09;1;1;17;3
284.1;False;False;21.24;37.0;;;;0;1;17;3
275.1;False;True;105.89;104.95;11.73;8.64;11.27;1;1;17;3
275.2;False;False;36.85;1329.92;;;23.96;1;1;17;3
276.2;False;False;22.87;44.76;;;;0;1;17;3
276.1;False;False;96.35;103.71;;;22.02;7;1;17;3
310.2;False;False;110.2;145.86;16.0;48.06;18.42;1;1;17;3
310.1;False;False;113.29;438.21;26.75;389.89;26.75;2;1;17;3
312.1;False;False;136.29;167.76;16.97;40.53;20.2;1;1;17;3
312.2;False;False;50.6;1237.61;;;20.84;2;1;17;3
38.1;False;True;31.09;29.92;;;;0;1;13;1
38.2;False;False;20.82;21.53;;;;0;1;13;1
2.1;False;False;65.13;74.74;;;23.82;20;1;13;1
2.2;False;False;23.73;31.81;;;;0;1;13;1
43.1;False;False;37.28;39.59;;;21.23;3;1;13;1
43.2;False;False;36.9;286.35;;;;0;1;13;1
35.1;False;True;33.24;23.92;;;;0;1;13;1
35.3;False;False;57.9;66.64;;;34.05;6;1;13;1
4.3;False;True;74.03;64.97;;;45.18;10;1;13;1
4.1;False;False;24.47;30.39;;;;0;1;13;1
5.1;False;True;40.92;34.9;;;29.62;1;1;13;1
5.3;False;False;20.67;26.37;;;;0;1;13;1
31.1;False;False;28.3;32.75;;;;0;1;13;1
31.3;False;True;23.12;20.07;;;;0;1;13;1
41.1;False;True;28.74;27.14;;;;0;1;13;1
41.3;False;False;39.71;60.59;;;;0;1;13;1
9.3;False;False;35.23;49.32;;;29.19;2;1;13;1
9.1;False;False;33.83;34.71;;;27.93;2;1;13;1
17.1;False;True;41.3;26.54;;;;0;1;13;1
17.3;False;False;41.64;105.66;;;39.73;1;1;13;1
29.3;False;False;17.08;43.9;;;;0;1;13;1
29.1;False;False;76.5;88.39;;;27.32;15;1;13;1
28.1;False;True;47.05;36.82;;;31.75;2;1;13;1
28.2;False;False;24.71;31.18;;;21.85;1;1;13;1
18.3;False;True;28.23;27.45;;;;0;1;13;1
18.1;False;False;24.18;27.25;;;;0;1;13;1
7.1;False;False;8.83;25.73;;;;0;1;13;1
7.3;False;False;83.57;84.92;;;48.62;11;1;13;1
30.1;False;False;50.78;72.16;;;37.7;6;1;13;1
30.2;False;False;17.87;37.34;;;;0;1;13;1
32.1;False;False;30.54;32.38;;;;0;1;13;1
32.3;False;False;42.18;69.36;;;39.53;1;1;13;1
14.1;False;False;26.7;210.42;;;;0;1;13;1
14.3;False;False;42.51;114.52;;;34.04;1;1;13;1
15.3;False;False;28.81;37.38;;;25.19;1;1;13;1
15.1;False;True;53.91;14.21;;;;0;1;13;1
42.1;False;False;33.21;46.04;;;32.31;1;1;13;1
42.2;False;False;42.14;47.37;;;39.73;1;1;13;1
12.3;False;False;28.74;761.99;;;25.88;2;1;13;1
12.1;False;True;39.81;37.05;;;34.24;1;1;13;1
37.3;False;False;133.12;241.83;92.82;223.87;59.33;5;1;13;1
37.1;False;False;28.29;55.02;;;;0;1;13;1
10.1;False;False;32.81;65.39;;;27.77;4;1;13;1
10.2;False;False;47.93;199.05;;;42.25;2;1;13;1
25.1;False;False;33.81;37.68;;;32.22;2;1;13;1
25.3;False;False;23.32;50.9;;;;0;1;13;1
23.2;False;True;41.44;34.91;;;29.31;3;1;13;1
23.1;False;True;22.24;22.15;;;;0;1;13;1
13.3;False;False;33.47;91.16;;;27.77;2;1;13;1
13.1;False;False;20.79;25.69;;;18.17;1;1;13;1
19.1;False;False;38.48;64.85;;;35.28;2;1;13;1
19.3;False;False;26.63;286.71;;;;0;1;13;1
20.1;False;False;34.65;40.6;;;25.9;5;1;13;1
20.2;False;False;82.67;148.94;;;30.61;3;1;13;1
21.1;False;True;46.52;43.49;;;11.06;2;1;13;1
21.3;False;False;22.55;55.06;;;;0;1;13;1
33.2;False;False;51.19;88.53;;;32.92;5;1;13;1
33.1;False;False;21.24;35.74;;;;0;1;13;1
24.3;False;False;42.78;157.58;;;29.38;3;1;13;1
24.1;False;True;61.77;44.51;;;33.99;3;1;13;1
848.3;False;True;26.52;22.39;;;;0;1;24;7
848.1;False;True;38.48;25.61;;;;0;1;24;7
842.2;False;True;41.53;31.31;;;20.58;5;1;24;7
842.1;False;True;37.14;35.39;;;;0;1;24;7
827.1;False;True;42.22;22.56;;;;0;1;24;7
827.2;False;False;37.85;48.59;;;;0;1;24;7
813.1;False;True;37.29;31.78;;;;0;1;24;7
813.2;False;True;40.39;36.58;;;19.81;10;1;24;7
811.1;False;True;63.03;9.61;;;;0;1;24;7
811.3;False;True;54.81;28.33;;;;0;1;24;7
820.3;False;True;48.76;14.6;;;13.27;1;1;24;7
820.1;False;True;46.26;10.98;;;;0;1;24;7
850.1;False;False;39.07;66.45;;;;0;1;24;7
850.2;False;True;50.18;50.15;;;48.09;3;1;24;7
841.3;False;True;41.28;13.17;;;;0;1;24;7
841.1;False;True;42.41;23.35;;;;0;1;24;7
834.1;False;False;44.65;200.93;;;;0;1;24;7
834.2;False;True;51.49;7.91;;;;0;1;24;7
824.3;False;True;41.8;13.35;;;;0;1;24;7
824.1;False;False;51.69;57.27;;;;0;1;24;7
840.2;False;True;64.94;3.43;;;;0;1;24;7
840.1;False;True;55.06;2.91;;;;0;1;24;7
854.2;False;True;39.22;32.93;;;;0;1;24;7
854.1;False;True;42.59;41.52;;;40.45;1;1;24;7
838.2;False;False;37.07;43.94;;;;0;1;24;7
838.1;False;True;50.92;23.78;;;11.07;1;1;24;7
836.1;False;True;55.29;22.65;;;;0;1;24;7
836.3;False;False;47.12;175.34;;;;0;1;24;7
815.1;False;False;40.65;48.87;;;;0;1;24;7
815.3;False;True;48.2;15.0;;;;0;1;24;7
852.2;False;True;45.12;37.33;;;33.22;3;1;24;7
852.1;False;True;47.9;34.57;;;;0;1;24;7
812.2;False;False;43.65;204.02;;;;0;1;24;7
812.1;False;True;42.58;41.35;;;37.71;1;1;24;7
830.2;False;True;48.71;14.79;;;;0;1;24;7
830.1;False;False;35.38;78.64;;;;0;1;24;7
819.1;False;True;42.98;41.73;;;24.24;9;1;24;7
819.2;False;False;46.55;86.26;;;;0;1;24;7
832.2;False;False;40.35;136.51;;;;0;1;24;7
832.1;False;True;40.4;30.14;;;19.94;4;1;24;7
822.1;False;False;42.4;378.33;;;;0;1;24;7
822.2;False;False;42.71;56.66;;;;0;1;24;7
847.1;False;True;38.78;34.13;;;;0;1;24;7
847.3;False;True;41.8;19.04;;;;0;1;24;7
837.2;False;True;40.27;17.25;;;;0;1;24;7
837.1;False;True;41.4;38.66;;;29.61;6;1;24;7
839.2;False;True;44.64;31.9;;;;0;1;24;7
839.1;False;True;39.44;25.65;;;;0;1;24;7
816.2;False;True;35.31;18.06;;;;0;1;24;7
816.1;False;True;43.55;39.1;;;;0;1;24;7
843.1;False;True;31.09;14.15;;;;0;1;24;7
843.2;False;False;39.21;47.81;;;;0;1;24;7
817.1;False;True;38.93;5.81;;;;0;1;24;7
817.3;False;False;47.87;116.13;;;;0;1;24;7
814.2;False;False;73.79;96.33;;;;0;1;24;7
814.1;False;False;39.46;39.69;;;;0;1;24;7
849.2;False;True;41.03;40.06;;;;0;1;24;7
849.1;False;True;38.44;31.91;;;30.49;1;1;24;7
835.3;False;True;38.62;8.18;;;;0;1;24;7
835.1;False;False;33.91;36.15;;;;0;1;24;7
158.1;False;False;171.24;221.44;76.01;111.62;33.43;50;1;20;2
158.2;False;True;54.25;24.37;;;14.43;2;1;20;2
161.2;False;True;82.59;11.39;;;;0;1;20;2
161.1;False;False;34.25;49.09;;;23.98;16;1;20;2
153.3;False;True;163.62;93.38;;;22.51;1;1;20;2
153.1;False;True;63.44;32.2;;;;0;1;20;2
145.1;True;False;305.27;304.9;127.03;116.5;;0;1;20;2
145.2;False;True;39.49;13.45;;;;0;1;20;2
157.3;False;True;96.84;31.48;;;28.63;1;1;20;2
157.1;False;False;31.16;37.7;;;27.15;3;1;20;2
167.1;False;True;64.32;22.56;;;;0;1;20;2
167.3;False;True;83.4;12.86;;;;0;1;20;2
179.2;False;True;41.59;19.0;;;;0;1;20;2
179.1;False;False;37.36;80.32;;;32.16;1;1;20;2
165.1;False;True;92.82;5.94;;;;0;1;20;2
165.3;False;True;41.87;35.2;;;;0;1;20;2
139.1;False;True;56.43;27.87;;;;0;1;20;2
139.3;False;True;93.13;23.49;;;;0;1;20;2
146.2;False;False;53.89;87.5;;;36.18;13;1;20;2
146.1;False;True;34.91;31.17;;;;0;1;20;2
177.1;False;True;103.53;20.94;;;;0;1;20;2
177.3;False;True;44.08;37.32;;;;0;1;20;2
171.3;False;False;57.43;60.13;;;48.61;2;1;20;2
171.1;False;True;43.4;21.76;;;;0;1;20;2
138.1;False;True;42.72;24.14;;;;0;1;20;2
138.2;False;True;79.07;15.28;;;;0;1;20;2
152.2;False;False;35.71;44.33;;;31.83;2;1;20;2
152.1;False;True;42.02;33.91;;;28.21;2;1;20;2
174.2;False;True;49.52;25.31;;;;0;1;20;2
174.1;False;True;82.25;34.29;;;31.31;1;1;20;2
143.1;False;True;42.32;28.55;;;23.22;2;1;20;2
143.3;False;True;104.4;42.59;;;;0;1;20;2
144.1;False;True;146.27;94.08;;;25.84;1;1;20;2
144.2;False;True;80.6;33.13;;;;0;1;20;2
178.3;False;True;45.03;39.82;;;38.08;1;1;20;2
178.1;False;True;42.07;18.97;;;;0;1;20;2
142.1;False;False;85.33;109.06;;;47.65;6;1;20;2
142.2;False;True;42.23;28.48;;;26.7;1;1;20;2
136.2;False;True;40.3;24.68;;;;0;1;20;2
136.1;False;False;27.39;27.53;;;19.56;6;1;20;2
168.2;False;True;52.22;12.67;;;;0;1;20;2
168.1;False;True;53.51;42.18;;;36.08;4;1;20;2
172.1;False;True;39.68;22.76;;;;0;1;20;2
172.2;False;True;41.45;33.41;;;32.3;1;1;20;2
141.1;False;True;98.43;17.02;;;;0;1;20;2
141.3;False;True;99.83;26.17;;;;0;1;20;2
149.3;False;True;60.73;44.87;;;30.86;2;1;20;2
149.1;False;True;66.21;31.35;;;;0;1;20;2
173.3;False;True;59.69;38.94;;;25.31;2;1;20;2
173.1;False;True;55.3;23.45;;;18.08;1;1;20;2
169.2;False;True;55.29;54.22;;;36.9;9;1;20;2
169.1;False;True;42.44;39.23;;;31.28;6;1;20;2
166.1;False;True;94.01;20.94;;;;0;1;20;2
166.2;False;True;99.1;20.7;;;;0;1;20;2
163.2;False;True;84.32;66.26;;;35.76;1;1;20;2
163.1;False;False;39.54;70.12;;;33.01;2;1;20;2
160.2;False;True;40.1;38.67;;;37.4;1;1;20;2
160.1;False;False;32.55;48.54;;;27.24;3;1;20;2
164.1;False;True;51.54;37.11;;;;0;1;20;2
164.3;False;True;68.26;43.79;;;39.43;2;1;20;2
38.2;False;False;13.45;17.89;;;;0;1;12;1
38.1;False;False;37.13;161.53;;;13.32;1;1;12;1
1.1;False;False;71.28;279.88;;;40.33;21;1;12;1
1.2;False;False;106.63;109.45;7.95;10.05;10.3;1;1;12;1
6.3;False;True;64.85;55.13;;;8.29;2;1;12;1
6.1;False;False;24.15;36.29;;;;0;1;12;1
4.3;False;True;105.3;97.65;;;45.23;31;1;12;1
4.1;False;False;16.32;37.5;;;;0;1;12;1
17.1;False;False;98.8;100.43;;;13.68;3;1;12;1
17.3;False;False;73.54;75.06;;;9.6;1;1;12;1
45.3;False;True;46.02;43.83;;;18.33;2;1;12;1
45.1;False;False;27.28;67.5;;;;0;1;12;1
42.2;False;True;22.16;10.94;;;;0;1;12;1
42.1;False;True;32.7;26.98;;;;0;1;12;1
9.1;False;True;31.78;18.42;;;;0;1;12;1
9.3;False;True;117.3;115.39;101.22;99.26;49.45;10;1;12;1
19.1;False;False;35.08;51.4;;;18.84;1;1;12;1
19.3;False;True;20.18;13.4;;;;0;1;12;1
24.3;False;False;37.05;45.56;;;;0;1;12;1
24.1;False;True;22.39;16.61;;;;0;1;12;1
29.1;False;True;41.36;31.71;;;18.15;1;1;12;1
29.3;False;False;296.75;322.48;46.19;69.81;22.94;2;1;12;1
41.1;False;True;34.81;13.24;;;;0;1;12;1
41.3;False;False;497.49;509.16;3.4;9.61;3.4;1;1;12;1
16.1;False;False;22.72;28.74;;;;0;1;12;1
16.3;False;False;12.01;62.49;;;;0;1;12;1
11.3;False;False;10.92;24.04;;;;0;1;12;1
11.1;False;False;20.74;38.21;;;;0;1;12;1
40.1;False;True;24.26;19.29;;;;0;1;12;1
40.2;False;True;19.09;14.59;;;;0;1;12;1
8.1;False;True;31.35;13.62;;;;0;1;12;1
8.2;False;False;13.08;90.1;;;;0;1;12;1
7.3;False;False;43.99;46.56;;;;0;1;12;1
7.1;False;False;13.81;185.04;;;;0;1;12;1
15.3;False;False;15.35;18.2;;;11.26;1;1;12;1
15.1;False;False;13.48;45.66;;;;0;1;12;1
36.3;True;False;305.27;293.3;153.3;146.14;;0;1;12;1
36.1;False;False;5.49;7.03;;;;0;1;12;1
10.2;False;True;15.67;11.16;;;;0;1;12;1
10.1;False;False;21.15;32.91;;;;0;1;12;1
43.2;False;False;16.26;26.73;;;;0;1;12;1
43.1;False;False;27.96;31.6;;;26.92;1;1;12;1
26.3;False;False;12.04;12.06;;;;0;1;12;1
26.1;False;True;20.53;12.46;;;;0;1;12;1
14.1;False;False;21.47;31.84;;;;0;1;12;1
14.3;False;False;114.4;210.04;13.06;98.64;13.06;2;1;12;1
28.2;False;False;28.39;124.99;;;;0;1;12;1
28.1;False;True;40.73;34.48;;;8.62;1;1;12;1
23.2;False;True;17.32;10.17;;;;0;1;12;1
23.1;False;False;17.16;19.48;;;;0;1;12;1
18.3;False;True;29.16;12.49;;;10.58;1;1;12;1
18.1;False;True;17.3;7.26;;;;0;1;12;1
34.2;False;False;350.44;365.53;18.17;19.72;18.17;1;1;12;1
34.1;False;True;33.63;23.88;;;22.85;1;1;12;1
30.2;False;False;40.81;220.66;;;39.3;1;1;12;1
30.1;False;True;24.31;20.44;;;;0;1;12;1
5.3;False;False;23.65;55.53;;;;0;1;12;1
5.1;False;False;20.13;34.68;;;;0;1;12;1
22.2;False;False;23.8;30.58;;;;0;1;12;1
22.1;False;False;21.52;21.52;;;;0;1;12;1
554.3;False;True;30.91;26.32;;;22.14;2;1;10;5
554.1;False;False;35.05;138.64;;;25.09;4;1;10;5
570.1;False;True;26.46;17.72;;;13.57;1;1;10;5
570.2;False;False;80.28;241.47;;;26.99;1;1;10;5
546.3;False;False;23.4;125.55;;;;0;1;10;5
546.1;False;False;27.57;84.18;;;;0;1;10;5
566.2;False;True;25.36;24.51;;;17.16;3;1;10;5
566.1;False;False;18.27;173.11;;;;0;1;10;5
576.4;False;False;23.56;35.71;;;;0;1;10;5
576.1;False;False;33.6;101.09;;;17.07;2;1;10;5
559.1;False;True;41.51;41.46;;;20.51;3;1;10;5
559.3;False;False;67.41;112.74;;;19.84;2;1;10;5
575.3;False;True;42.84;31.24;;;14.26;1;1;10;5
575.1;False;False;23.89;32.32;;;;0;1;10;5
573.1;False;False;50.95;58.65;;;24.31;1;1;10;5
573.3;False;False;24.26;63.79;;;;0;1;10;5
579.3;False;False;49.22;74.66;;;29.37;1;1;10;5
579.1;False;True;33.89;11.89;;;;0;1;10;5
558.1;False;False;103.75;118.89;22.42;32.75;25.39;1;1;10;5
558.3;False;False;41.08;63.24;;;;0;1;10;5
544.1;False;True;23.22;14.19;;;;0;1;10;5
544.3;False;False;18.86;86.88;;;;0;1;10;5
542.1;False;False;17.78;21.31;;;;0;1;10;5
542.4;False;False;35.66;215.77;;;27.47;1;1;10;5
574.3;False;True;121.76;121.79;21.89;13.28;19.62;1;1;10;5
574.1;False;True;30.62;28.32;;;;0;1;10;5
564.1;False;False;34.33;38.4;;;24.6;1;1;10;5
564.6;False;False;25.83;31.74;;;;0;1;10;5
563.1;False;False;27.16;34.12;;;;0;1;10;5
563.3;False;False;31.07;84.03;;;;0;1;10;5
556.4;False;True;32.99;2.62;;;;0;1;10;5
556.1;False;False;22.45;24.06;;;;0;1;10;5
550.1;False;True;35.95;23.21;;;21.78;1;1;10;5
550.2;False;False;27.45;1601.17;;;;0;1;10;5
580.1;False;False;36.77;47.41;;;29.02;4;1;10;5
580.2;False;False;29.21;34.6;;;;0;1;10;5
569.1;False;False;144.58;323.04;15.5;185.9;15.5;1;1;10;5
569.2;False;False;77.82;80.13;;;20.08;1;1;10;5
584.1;False;False;28.79;402.32;;;;0;1;10;5
584.3;False;False;65.95;84.01;;;20.84;7;1;10;5
571.1;False;True;33.15;7.43;;;;0;1;10;5
571.2;False;False;29.73;38.15;;;;0;1;10;5
567.4;False;False;33.61;40.73;;;;0;1;10;5
567.1;False;False;31.61;45.35;;;;0;1;10;5
581.1;False;False;30.44;30.72;;;;0;1;10;5
581.3;False;False;47.11;107.28;;;21.79;1;1;10;5
548.2;False;False;28.37;54.67;;;;0;1;10;5
548.1;False;False;31.31;46.56;;;;0;1;10;5
541.1;False;False;132.02;265.39;35.13;160.29;35.13;1;1;10;5
541.2;False;False;32.09;90.22;;;;0;1;10;5
565.2;False;False;23.28;44.24;;;;0;1;10;5
565.1;False;True;31.53;29.21;;;;0;1;10;5
560.3;False;False;25.3;87.53;;;;0;1;10;5
560.1;False;False;19.33;97.59;;;;0;1;10;5
561.2;False;False;31.3;51.92;;;;0;1;10;5
561.1;False;False;22.63;40.15;;;;0;1;10;5
553.2;False;True;25.68;23.83;;;;0;1;10;5
553.1;False;True;26.61;22.95;;;;0;1;10;5
585.3;False;False;24.44;70.61;;;;0;1;10;5
585.1;False;False;27.61;38.66;;;;0;1;10;5
139.1;False;False;62.4;63.5;;;17.28;4;1;19;2
139.3;False;True;13.58;9.7;;;;0;1;19;2
152.2;False;True;15.7;9.06;;;;0;1;19;2
152.1;False;False;22.06;34.66;;;16.92;1;1;19;2
168.2;False;True;12.09;9.73;;;;0;1;19;2
168.1;False;False;49.17;73.94;;;15.62;2;1;19;2
165.3;False;False;47.92;56.0;;;16.04;1;1;19;2
165.1;False;False;21.95;45.33;;;7.79;1;1;19;2
176.1;False;False;61.98;89.13;;;16.66;2;1;19;2
176.3;False;False;12.09;43.6;;;;0;1;19;2
144.2;False;False;199.68;283.19;44.31;116.01;18.74;3;1;19;2
144.1;False;False;12.25;64.33;;;;0;1;19;2
150.2;False;True;19.57;7.34;;;;0;1;19;2
150.1;False;False;28.98;62.58;;;;0;1;19;2
141.3;False;False;6.16;51.19;;;;0;1;19;2
141.1;False;False;6.18;229.66;;;;0;1;19;2
160.2;False;True;71.44;54.93;;;19.47;1;1;19;2
160.1;False;True;24.66;24.17;;;;0;1;19;2
163.2;False;True;215.46;214.03;13.91;12.08;12.08;1;1;19;2
163.1;False;False;29.48;43.27;;;26.7;1;1;19;2
147.3;False;False;15.03;66.3;;;;0;1;19;2
147.1;False;False;18.77;50.79;;;;0;1;19;2
178.1;False;True;25.74;16.29;;;;0;1;19;2
178.3;False;False;20.04;96.62;;;;0;1;19;2
156.1;False;False;20.68;24.13;;;;0;1;19;2
156.2;False;False;30.28;136.94;;;;0;1;19;2
145.1;False;True;42.27;33.66;;;10.01;2;1;19;2
145.2;False;False;63.69;152.06;;;16.06;2;1;19;2
164.1;False;True;16.35;13.37;;;;0;1;19;2
164.3;False;False;70.21;113.74;;;12.17;2;1;19;2
180.2;False;False;34.39;38.09;;;32.54;1;1;19;2
180.1;False;False;19.18;31.3;;;;0;1;19;2
158.2;False;True;23.5;9.67;;;;0;1;19;2
158.1;False;False;25.29;301.17;;;21.56;1;1;19;2
172.2;False;False;33.06;144.8;;;25.99;1;1;19;2
172.1;False;False;31.49;53.44;;;;0;1;19;2
179.2;False;True;22.74;12.0;;;;0;1;19;2
179.1;False;False;23.52;192.45;;;;0;1;19;2
142.1;False;False;14.24;35.32;;;;0;1;19;2
142.2;False;True;26.68;23.0;;;;0;1;19;2
177.3;False;False;25.46;37.24;;;;0;1;19;2
177.1;False;True;40.69;28.58;;;1.16;1;1;19;2
173.3;False;True;38.13;10.71;;;;0;1;19;2
173.1;False;False;18.62;135.6;;;;0;1;19;2
159.1;False;False;33.77;37.12;;;;0;1;19;2
159.2;False;False;14.82;240.58;;;;0;1;19;2
157.1;False;False;11.52;14.05;;;;0;1;19;2
157.3;False;False;12.68;77.6;;;;0;1;19;2
174.1;False;True;19.91;13.71;;;;0;1;19;2
174.2;False;False;21.2;79.03;;;;0;1;19;2
166.2;False;False;12.94;77.26;;;;0;1;19;2
166.1;False;False;18.34;258.55;;;13.69;1;1;19;2
140.1;False;True;16.77;3.51;;;;0;1;19;2
140.3;False;False;22.46;68.56;;;;0;1;19;2
138.1;False;True;28.61;18.74;;;;0;1;19;2
138.2;False;True;16.38;6.49;;;;0;1;19;2
169.1;False;False;26.96;34.32;;;25.24;1;1;19;2
169.2;False;False;21.4;148.75;;;19.65;1;1;19;2
153.1;False;False;11.52;371.94;;;;0;1;19;2
153.3;False;False;14.99;43.62;;;;0;1;19;2
278.1;False;False;15.04;39.55;;;;0;1;3;3
278.2;False;False;31.78;84.27;;;29.82;1;1;3;3
288.1;False;False;20.02;20.5;;;;0;1;3;3
288.2;False;False;26.82;45.92;;;18.55;1;1;3;3
295.1;False;False;18.18;33.28;;;;0;1;3;3
295.2;False;False;40.03;46.6;;;25.84;2;1;3;3
293.2;False;False;35.1;38.42;;;31.49;1;1;3;3
293.1;False;False;68.25;163.68;;;28.81;1;1;3;3
312.1;False;False;14.5;51.64;;;;0;1;3;3
312.2;False;False;52.2;61.84;;;23.17;1;1;3;3
294.1;False;False;18.02;21.65;;;16.95;1;1;3;3
294.2;False;True;19.99;18.79;;;17.4;1;1;3;3
308.2;False;True;22.51;21.1;;;18.25;1;1;3;3
308.1;False;False;27.14;30.77;;;;0;1;3;3
279.1;False;False;28.87;28.92;;;26.64;1;1;3;3
279.2;False;False;24.89;215.42;;;;0;1;3;3
309.1;False;False;48.84;56.69;;;21.16;3;1;3;3
309.2;False;False;29.44;31.52;;;27.29;2;1;3;3
313.1;False;True;36.1;35.03;;;26.7;3;1;3;3
313.2;False;False;24.92;64.8;;;22.81;2;1;3;3
285.2;False;False;19.57;21.4;;;16.43;1;1;3;3
285.1;False;False;26.94;63.86;;;24.07;2;1;3;3
296.2;False;False;12.43;55.25;;;;0;1;3;3
296.1;False;False;56.86;58.34;;;12.96;2;1;3;3
283.2;False;False;28.88;42.0;;;23.57;4;1;3;3
283.1;False;False;23.65;47.18;;;;0;1;3;3
300.1;False;False;18.99;23.5;;;;0;1;3;3
300.2;False;False;32.9;37.96;;;;0;1;3;3
275.1;False;False;18.59;18.83;;;;0;1;3;3
275.2;False;False;20.56;44.57;;;;0;1;3;3
276.1;False;True;21.9;21.07;;;19.64;1;1;3;3
276.2;False;False;18.69;62.26;;;;0;1;3;3
310.2;False;True;20.89;18.28;;;;0;1;3;3
310.1;False;False;17.39;225.18;;;;0;1;3;3
306.2;False;True;22.01;20.83;;;;0;1;3;3
306.1;False;False;28.76;42.47;;;26.87;1;1;3;3
298.2;False;False;12.3;19.75;;;;0;1;3;3
298.1;False;False;21.43;21.99;;;;0;1;3;3
315.2;False;False;5.53;110.34;;;;0;1;3;3
315.1;False;False;9.49;22.53;;;;0;1;3;3
563.3;False;False;66.25;169.9;;;7.27;11;1;5;5
563.1;False;False;5.54;36.4;;;;0;1;5;5
554.3;False;False;5.5;17.6;;;;0;1;5;5
554.1;False;False;10.49;53.18;;;;0;1;5;5
584.3;False;False;16.75;51.58;;;10.46;1;1;5;5
584.1;False;False;68.22;100.08;;;11.01;2;1;5;5
566.1;False;False;33.36;61.98;;;8.47;1;1;5;5
566.2;False;False;13.84;44.34;;;;0;1;5;5
567.4;False;False;85.48;165.8;;;5.93;1;1;5;5
567.1;False;False;43.98;62.38;;;11.32;2;1;5;5
544.1;False;False;9.88;36.58;;;;0;1;5;5
544.3;False;False;20.04;797.29;;;10.09;2;1;5;5
581.1;False;False;23.12;52.77;;;7.32;1;1;5;5
581.3;False;False;146.04;192.38;8.49;54.27;8.49;2;1;5;5
573.3;False;False;47.25;893.06;;;6.86;3;1;5;5
573.1;False;False;14.72;49.73;;;9.0;2;1;5;5
564.1;False;False;15.8;29.5;;;;0;1;5;5
564.6;False;False;20.92;40.02;;;13.93;2;1;5;5
550.2;False;False;61.73;88.88;;;9.61;2;1;5;5
550.1;False;False;52.39;97.08;;;20.06;4;1;5;5
583.1;False;True;7.86;5.74;;;;0;1;5;5
583.4;True;False;359.96;419.8;203.91;263.34;;0;1;5;5
543.3;False;False;30.46;69.38;;;5.68;1;1;5;5
543.1;False;False;4.29;58.64;;;;0;1;5;5
578.2;False;False;14.97;42.03;;;;0;1;5;5
578.1;False;False;12.12;66.85;;;;0;1;5;5
542.1;False;False;36.6;60.71;;;9.34;1;1;5;5
542.4;False;False;125.61;165.3;14.45;50.1;19.98;1;1;5;5
561.1;False;True;10.03;7.67;;;;0;1;5;5
561.2;False;False;2.24;4.05;;;;0;1;5;5
541.1;False;False;143.28;155.46;8.0;35.03;8.0;2;1;5;5
541.2;False;False;45.92;187.3;;;13.64;7;1;5;5
574.1;False;False;9.17;14.94;;;;0;1;5;5
574.3;False;False;10.36;147.0;;;;0;1;5;5
576.1;False;False;51.07;67.86;;;12.28;2;1;5;5
576.4;False;False;13.55;40.9;;;;0;1;5;5
559.1;False;False;19.86;37.66;;;15.26;2;1;5;5
559.3;False;False;63.68;130.69;;;8.33;5;1;5;5
545.1;False;False;18.28;46.11;;;;0;1;5;5
545.2;False;False;7.44;60.55;;;;0;1;5;5
711.1;False;False;26.18;149.9;;;18.8;1;1;6;6
711.2;False;False;16.85;31.67;;;;0;1;6;6
714.2;False;False;11.89;444.5;;;;0;1;6;6
714.1;False;False;15.89;43.56;;;;0;1;6;6
704.4;False;False;9.23;27.03;;;;0;1;6;6
704.1;False;False;13.93;43.21;;;11.46;1;1;6;6
709.1;False;True;14.53;9.3;;;;0;1;6;6
709.4;False;False;103.69;184.36;26.52;103.92;26.52;2;1;6;6
706.1;False;False;17.9;45.21;;;;0;1;6;6
706.3;False;False;60.2;107.75;;;15.06;1;1;6;6
716.3;False;False;15.2;182.09;;;;0;1;6;6
716.1;False;False;34.73;62.05;;;15.46;1;1;6;6
692.1;False;False;15.42;35.93;;;;0;1;6;6
692.2;False;False;78.27;183.39;;;25.79;1;1;6;6
693.3;False;False;24.03;64.97;;;19.14;1;1;6;6
693.1;False;False;12.06;18.68;;;;0;1;6;6
701.2;False;False;22.94;446.14;;;;0;1;6;6
701.1;False;False;10.84;55.56;;;;0;1;6;6
690.3;False;True;17.0;12.81;;;;0;1;6;6
690.1;False;False;17.83;50.81;;;;0;1;6;6
707.2;False;False;177.29;228.11;37.47;125.87;15.11;3;1;6;6
707.1;False;False;18.22;201.3;;;;0;1;6;6
696.1;False;False;14.32;203.13;;;;0;1;6;6
696.2;False;False;32.93;53.44;;;20.58;1;1;6;6
688.2;False;False;15.37;19.2;;;;0;1;6;6
688.1;False;False;18.02;44.18;;;;0;1;6;6
705.1;False;False;14.62;288.59;;;;0;1;6;6
705.4;False;False;71.46;134.14;;;17.03;14;1;6;6
682.3;False;True;55.91;41.99;;;20.46;3;1;6;6
682.1;False;False;11.78;18.54;;;;0;1;6;6
678.3;False;True;16.47;15.81;;;;0;1;6;6
678.1;False;False;23.78;26.34;;;18.7;1;1;6;6
700.2;False;False;17.76;53.52;;;;0;1;6;6
700.1;False;False;13.78;18.79;;;;0;1;6;6
703.1;False;False;20.32;42.65;;;;0;1;6;6
703.3;False;False;14.34;93.19;;;;0;1;6;6
681.1;False;True;16.71;8.51;;;;0;1;6;6
681.2;False;False;15.35;36.31;;;;0;1;6;6
689.3;False;False;18.21;22.28;;;;0;1;6;6
689.1;False;False;10.08;41.2;;;;0;1;6;6
978.1;False;False;38.85;52.16;;;21.68;2;1;16;8
978.2;False;False;30.37;31.93;;;;0;1;16;8
968.2;False;False;29.71;36.41;;;14.91;1;1;16;8
968.1;False;False;37.51;37.52;;;34.88;2;1;16;8
954.3;False;False;51.32;52.14;;;19.18;1;1;16;8
954.1;False;True;54.45;54.34;;;11.53;2;1;16;8
977.1;False;False;33.34;52.05;;;30.23;1;1;16;8
977.3;False;False;41.43;126.17;;;12.44;1;1;16;8
955.1;False;False;17.99;35.44;;;16.26;1;1;16;8
955.2;False;False;57.51;66.39;;;34.56;2;1;16;8
972.1;False;False;3.13;13.93;;;;0;1;16;8
972.3;False;False;2.55;7.48;;;;0;1;16;8
950.1;False;True;60.51;57.52;;;13.02;2;1;16;8
950.3;False;False;7.91;220.76;;;;0;1;16;8
953.3;False;False;39.84;56.63;;;25.82;1;1;16;8
953.1;False;False;20.84;35.8;;;4.62;1;1;16;8
952.3;False;True;20.06;19.65;;;;0;1;16;8
952.1;False;False;17.7;24.47;;;;0;1;16;8
949.1;False;False;32.55;41.84;;;26.43;4;1;16;8
949.3;False;False;17.18;38.79;;;17.28;1;1;16;8
970.1;False;False;17.64;17.65;;;;0;1;16;8
970.2;False;False;14.46;32.83;;;;0;1;16;8
973.2;False;False;4.19;19.29;;;;0;1;16;8
973.1;False;False;14.73;16.71;;;;0;1;16;8
946.2;False;False;7.84;49.35;;;;0;1;16;8
946.1;False;False;13.88;19.38;;;;0;1;16;8
983.3;False;False;18.5;31.34;;;17.98;1;1;16;8
983.1;False;False;21.32;22.42;;;;0;1;16;8
981.1;False;False;27.05;43.6;;;18.67;1;1;16;8
981.3;False;False;35.02;37.33;;;33.31;1;1;16;8
948.1;False;True;55.53;40.64;;;17.07;2;1;16;8
948.3;False;True;112.46;38.13;;;;0;1;16;8
961.1;False;False;15.54;84.79;;;;0;1;16;8
961.2;False;False;14.93;52.77;;;;0;1;16;8
947.2;False;False;18.8;39.69;;;;0;1;16;8
947.1;False;False;34.29;46.99;;;19.28;2;1;16;8
951.2;False;False;38.96;95.63;;;14.53;1;1;16;8
951.1;False;False;8.11;40.26;;;;0;1;16;8
959.2;False;False;12.02;99.51;;;;0;1;16;8
959.1;False;False;18.4;86.6;;;;0;1;16;8
990.1;False;False;16.94;26.24;;;15.35;1;1;16;8
990.3;False;False;11.83;35.85;;;;0;1;16;8
967.1;False;False;27.57;40.35;;;;0;1;16;8
967.3;False;False;12.44;120.37;;;;0;1;16;8
984.1;False;False;29.67;33.14;;;22.38;1;1;16;8
984.2;False;False;12.74;33.4;;;10.55;1;1;16;8
966.1;False;False;19.41;46.03;;;9.57;1;1;16;8
966.2;False;False;8.83;60.83;;;;0;1;16;8
964.1;False;False;22.38;33.14;;;18.73;1;1;16;8
964.2;False;False;13.73;23.54;;;;0;1;16;8
985.3;False;False;1.08;31.42;;;;0;1;16;8
985.1;False;False;10.08;17.33;;;;0;1;16;8
960.1;False;False;8.84;51.53;;;;0;1;16;8
960.3;False;False;2.12;100.71;;;;0;1;16;8
957.1;False;False;28.72;147.44;;;7.54;1;1;16;8
957.3;False;False;6.94;99.85;;;;0;1;16;8
979.1;False;False;39.26;65.87;;;16.66;2;1;16;8
979.2;False;False;5.57;104.1;;;;0;1;16;8
956.1;False;False;19.88;43.59;;;17.83;1;1;16;8
956.2;False;False;9.2;51.93;;;;0;1;16;8
718.2;False;True;19.36;19.14;;;;0;1;14;6
718.1;False;False;22.33;31.36;;;;0;1;14;6
691.1;False;False;23.41;31.96;;;;0;1;14;6
691.2;False;False;24.59;33.51;;;;0;1;14;6
699.1;False;False;25.77;51.49;;;;0;1;14;6
699.2;False;False;25.67;52.63;;;;0;1;14;6
706.3;False;True;26.58;21.12;;;;0;1;14;6
706.1;False;False;28.51;37.04;;;27.33;1;1;14;6
697.3;False;False;25.51;27.46;;;;0;1;14;6
697.1;False;False;33.42;36.97;;;;0;1;14;6
711.1;False;True;33.81;29.01;;;;0;1;14;6
711.2;False;False;25.74;131.68;;;;0;1;14;6
698.3;False;True;35.31;24.82;;;;0;1;14;6
698.1;False;False;26.63;30.66;;;;0;1;14;6
712.3;False;False;31.87;34.97;;;;0;1;14;6
712.1;False;False;33.54;48.7;;;30.89;1;1;14;6
700.2;False;False;25.42;32.7;;;;0;1;14;6
700.1;False;True;26.12;25.12;;;;0;1;14;6
705.4;False;False;35.87;36.43;;;31.64;1;1;14;6
705.1;False;False;27.2;72.46;;;;0;1;14;6
681.1;False;False;27.42;53.1;;;24.32;1;1;14;6
681.2;False;True;26.85;26.33;;;25.44;1;1;14;6
682.3;False;False;22.69;26.22;;;;0;1;14;6
682.1;False;True;28.26;25.47;;;;0;1;14;6
690.1;False;False;28.19;33.7;;;;0;1;14;6
690.3;False;False;38.27;45.71;;;;0;1;14;6
679.1;False;False;36.86;40.32;;;35.55;1;1;14;6
679.4;False;False;28.0;44.45;;;;0;1;14;6
688.2;False;False;35.38;41.64;;;27.22;6;1;14;6
688.1;False;False;24.88;33.19;;;22.42;1;1;14;6
680.3;False;False;33.6;34.35;;;;0;1;14;6
680.1;False;False;41.58;52.09;;;33.59;3;1;14;6
683.3;False;False;24.82;25.39;;;;0;1;14;6
683.1;False;True;39.72;21.69;;;;0;1;14;6
716.3;False;True;35.38;22.9;;;;0;1;14;6
716.1;False;True;40.86;33.93;;;23.54;8;1;14;6
689.1;False;True;38.07;36.95;;;29.59;2;1;14;6
689.3;False;True;36.64;19.86;;;;0;1;14;6
687.1;False;True;73.49;35.17;;;16.06;3;1;14;6
687.3;False;False;33.67;45.49;;;32.15;1;1;14;6
693.1;False;True;51.55;50.7;;;33.23;3;1;14;6
693.3;False;False;48.11;71.5;;;34.94;1;1;14;6
692.2;False;False;85.5;120.04;;;49.69;2;1;14;6
692.1;False;True;35.39;32.87;;;31.01;1;1;14;6
720.4;False;True;62.06;13.4;;;;0;1;14;6
720.1;False;True;34.98;29.64;;;20.82;3;1;14;6
714.1;False;True;32.81;26.38;;;;0;1;14;6
714.2;False;True;41.66;40.18;;;33.59;1;1;14;6
703.3;False;False;29.98;36.63;;;;0;1;14;6
703.1;False;True;65.77;63.62;;;29.87;1;1;14;6
701.1;False;True;30.77;22.85;;;;0;1;14;6
701.2;False;False;29.04;133.97;;;;0;1;14;6
704.4;False;True;30.53;18.17;;;;0;1;14;6
704.1;False;False;27.58;35.32;;;24.81;1;1;14;6
708.1;False;True;33.63;33.32;;;26.6;3;1;14;6
708.2;False;False;31.06;33.44;;;29.79;1;1;14;6
678.3;False;True;31.32;29.13;;;;0;1;14;6
678.1;False;True;29.56;24.22;;;;0;1;14;6
709.4;False;True;39.52;23.3;;;;0;1;14;6
709.1;False;False;36.28;46.11;;;33.78;1;1;14;6
441.1;False;False;10.94;17.12;;;;0;1;21;4
441.2;False;False;6.48;20.53;;;;0;1;21;4
413.1;False;False;3.76;35.11;;;;0;1;21;4
413.3;False;False;8.68;11.1;;;;0;1;21;4
448.3;False;False;9.69;10.01;;;;0;1;21;4
448.1;False;True;10.51;8.69;;;;0;1;21;4
417.1;False;True;2.11;0.76;;;;0;1;21;4
417.2;False;False;10.39;81.33;;;;0;1;21;4
421.7;False;False;5.23;34.45;;;;0;1;21;4
421.1;False;False;9.68;25.73;;;;0;1;21;4
427.1;False;False;12.29;28.67;;;;0;1;21;4
427.3;False;False;6.48;63.17;;;;0;1;21;4
436.1;False;False;7.12;14.07;;;;0;1;21;4
436.3;False;False;1.47;98.97;;;;0;1;21;4
434.2;False;False;8.42;29.72;;;;0;1;21;4
434.1;False;False;10.07;43.22;;;;0;1;21;4
424.1;False;False;10.15;11.37;;;;0;1;21;4
424.2;False;False;9.57;53.26;;;;0;1;21;4
428.1;False;False;5.6;64.68;;;;0;1;21;4
428.3;False;False;7.83;18.84;;;;0;1;21;4
445.1;False;False;41.49;78.92;;;6.56;2;1;21;4
445.2;False;False;8.09;125.68;;;;0;1;21;4
420.3;False;False;5.99;11.33;;;;0;1;21;4
420.1;False;False;7.92;37.86;;;;0;1;21;4
411.1;False;False;44.85;53.02;;;10.06;1;1;21;4
411.5;False;False;9.66;27.88;;;;0;1;21;4
440.1;False;True;9.12;8.43;;;;0;1;21;4
440.3;False;False;6.91;48.71;;;;0;1;21;4
450.1;False;False;7.9;24.67;;;;0;1;21;4
450.2;False;False;9.21;55.65;;;;0;1;21;4
430.2;False;False;8.97;39.75;;;;0;1;21;4
430.1;False;True;9.7;8.19;;;;0;1;21;4
432.2;False;False;17.51;118.69;;;;0;1;21;4
432.1;False;False;17.61;40.6;;;;0;1;21;4
414.1;False;False;10.02;270.86;;;;0;1;21;4
414.3;False;False;9.92;91.92;;;;0;1;21;4
444.1;False;False;6.48;38.12;;;;0;1;21;4
444.4;False;False;15.74;44.79;;;;0;1;21;4
419.2;False;False;5.29;14.62;;;;0;1;21;4
419.1;False;False;5.87;38.52;;;;0;1;21;4
437.3;False;False;11.3;14.04;;;4.64;1;1;21;4
437.1;False;False;7.88;51.67;;;;0;1;21;4
447.3;False;False;7.28;12.36;;;;0;1;21;4
447.1;False;False;12.83;33.55;;;;0;1;21;4
423.3;False;False;39.3;42.97;;;1.02;1;1;21;4
423.1;False;False;4.94;59.87;;;;0;1;21;4
442.2;False;False;22.79;82.46;;;7.82;1;1;21;4
442.1;False;False;8.83;26.35;;;;0;1;21;4
429.1;False;False;9.45;10.87;;;;0;1;21;4
429.3;False;False;18.88;80.64;;;;0;1;21;4
407.1;False;False;2.31;3.98;;;;0;1;21;4
407.3;True;False;;;;;;0;1;21;4
408.2;False;False;7.91;24.11;;;;0;1;21;4
408.1;False;False;9.71;31.09;;;;0;1;21;4
425.1;False;False;8.67;41.78;;;;0;1;21;4
425.3;False;False;14.65;46.69;;;;0;1;21;4
426.4;False;False;4.72;6.41;;;;0;1;21;4
426.1;False;False;43.64;57.1;;;;0;1;21;4
431.1;False;False;5.02;35.9;;;;0;1;21;4
431.2;False;False;17.59;20.09;;;;0;1;21;4
851.1;False;False;22.44;197.37;;;;0;1;23;7
851.3;False;False;31.21;37.63;;;28.6;1;1;23;7
818.2;False;True;53.27;31.4;;;12.84;2;1;23;7
818.1;False;True;37.52;32.68;;;20.19;2;1;23;7
840.1;False;True;29.99;7.78;;;;0;1;23;7
840.2;False;False;38.87;46.58;;;;0;1;23;7
815.3;False;True;86.41;64.77;;;16.38;1;1;23;7
815.1;False;False;33.61;839.25;;;;0;1;23;7
842.1;False;True;60.27;38.56;;;18.23;1;1;23;7
842.2;False;False;36.01;36.25;;;;0;1;23;7
831.2;False;True;25.8;23.0;;;;0;1;23;7
831.1;False;False;30.42;30.76;;;;0;1;23;7
855.1;False;True;112.57;103.6;20.52;19.54;22.01;1;1;23;7
855.2;False;True;39.42;27.87;;;18.53;1;1;23;7
852.1;False;True;33.84;28.03;;;;0;1;23;7
852.2;False;False;38.43;40.26;;;;0;1;23;7
847.3;False;False;23.12;25.94;;;;0;1;23;7
847.1;False;False;33.62;36.44;;;;0;1;23;7
839.2;False;False;71.04;71.63;;;34.01;4;1;23;7
839.1;False;True;39.29;22.5;;;;0;1;23;7
828.1;False;True;28.88;28.43;;;;0;1;23;7
828.2;False;False;28.89;29.21;;;;0;1;23;7
820.1;False;True;30.43;20.07;;;;0;1;23;7
820.3;False;False;40.47;41.83;;;;0;1;23;7
837.1;False;True;29.71;24.75;;;;0;1;23;7
837.2;False;False;32.23;52.48;;;;0;1;23;7
843.1;False;True;64.8;49.31;;;26.68;1;1;23;7
843.2;False;True;39.48;24.06;;;;0;1;23;7
834.1;False;True;36.49;21.34;;;;0;1;23;7
834.2;False;False;35.89;61.19;;;;0;1;23;7
816.1;False;True;29.03;22.56;;;;0;1;23;7
816.2;False;False;44.06;132.41;;;27.46;2;1;23;7
841.1;False;True;37.93;20.98;;;;0;1;23;7
841.3;False;True;32.86;32.26;;;;0;1;23;7
812.1;False;True;87.6;63.91;;;10.2;1;1;23;7
812.2;False;False;35.66;36.22;;;;0;1;23;7
836.1;False;True;38.46;23.89;;;;0;1;23;7
836.3;False;True;79.63;55.65;;;16.5;2;1;23;7
844.1;False;False;27.9;29.48;;;;0;1;23;7
844.3;False;True;42.94;17.8;;;;0;1;23;7
824.3;False;True;36.78;10.51;;;;0;1;23;7
824.1;False;True;31.98;27.47;;;;0;1;23;7
811.3;False;True;74.09;43.27;;;16.09;1;1;23;7
811.1;False;True;49.17;33.08;;;29.13;1;1;23;7
829.1;False;False;26.65;35.89;;;;0;1;23;7
829.3;False;False;24.49;29.42;;;;0;1;23;7
819.2;False;False;25.13;31.66;;;;0;1;23;7
819.1;False;True;30.19;24.79;;;22.67;1;1;23;7
827.1;False;True;37.45;32.92;;;27.17;1;1;23;7
827.2;False;False;29.15;144.89;;;;0;1;23;7
848.1;False;True;32.55;26.36;;;;0;1;23;7
848.3;False;False;32.21;36.41;;;;0;1;23;7
845.2;False;True;33.43;21.32;;;;0;1;23;7
845.1;False;False;19.37;34.03;;;;0;1;23;7
850.2;False;False;39.15;45.94;;;30.11;1;1;23;7
850.1;False;False;28.4;29.45;;;;0;1;23;7
832.1;False;True;61.49;53.71;;;26.79;1;1;23;7
832.2;False;True;35.81;20.97;;;;0;1;23;7
838.2;False;False;24.22;35.51;;;;0;1;23;7
838.1;False;True;36.76;27.69;;;;0;1;23;7
964.2;False;False;30.62;32.48;;;;0;1;15;8
964.1;False;False;13.05;56.46;;;;0;1;15;8
946.2;False;False;14.66;30.69;;;;0;1;15;8
946.1;False;True;13.54;13.12;;;;0;1;15;8
956.1;False;False;23.2;25.35;;;;0;1;15;8
956.2;False;False;30.48;31.12;;;29.45;1;1;15;8
951.2;False;False;15.96;20.16;;;;0;1;15;8
951.1;False;False;13.89;25.32;;;;0;1;15;8
985.1;False;True;37.74;25.14;;;;0;1;15;8
985.3;False;True;21.49;18.43;;;;0;1;15;8
948.3;False;False;14.45;336.75;;;;0;1;15;8
948.1;False;False;4.61;11.54;;;;0;1;15;8
967.3;False;True;20.11;17.98;;;;0;1;15;8
967.1;False;False;25.91;44.83;;;23.81;1;1;15;8
961.1;False;False;16.42;21.15;;;;0;1;15;8
961.2;False;True;37.32;26.0;;;23.56;1;1;15;8
958.3;False;True;11.27;3.23;;;;0;1;15;8
958.1;False;False;14.55;20.05;;;;0;1;15;8
976.1;False;True;39.91;14.42;;;;0;1;15;8
976.2;False;False;10.16;293.94;;;;0;1;15;8
954.1;False;True;35.15;8.11;;;;0;1;15;8
954.3;False;False;16.45;33.55;;;;0;1;15;8
963.1;False;True;11.87;7.45;;;;0;1;15;8
963.2;False;True;25.72;24.3;;;;0;1;15;8
979.2;False;True;40.51;18.36;;;;0;1;15;8
979.1;False;False;20.16;51.97;;;;0;1;15;8
969.3;False;True;5.83;2.92;;;;0;1;15;8
969.1;False;False;30.39;35.21;;;;0;1;15;8
977.3;False;True;35.29;14.09;;;;0;1;15;8
977.1;False;False;32.68;39.78;;;;0;1;15;8
962.1;False;True;30.82;27.98;;;;0;1;15;8
962.4;False;False;35.06;39.29;;;;0;1;15;8
986.1;False;True;26.27;22.43;;;;0;1;15;8
986.2;False;True;31.64;24.63;;;;0;1;15;8
989.2;False;True;37.84;34.29;;;;0;1;15;8
989.1;False;False;37.35;44.27;;;;0;1;15;8
972.3;False;False;13.52;380.42;;;;0;1;15;8
972.1;False;True;11.3;9.48;;;;0;1;15;8
975.1;False;True;31.25;5.72;;;;0;1;15;8
975.3;False;True;20.14;11.02;;;;0;1;15;8
965.1;False;False;10.64;14.38;;;;0;1;15;8
965.2;False;False;25.04;202.73;;;;0;1;15;8
984.1;False;True;40.94;28.02;;;21.34;4;1;15;8
984.2;False;True;16.48;6.7;;;;0;1;15;8
978.1;False;True;34.91;29.26;;;28.1;1;1;15;8
978.2;False;True;39.41;25.95;;;;0;1;15;8
952.3;False;False;32.24;40.93;;;;0;1;15;8
952.1;False;True;28.35;25.04;;;;0;1;15;8
968.1;False;False;11.82;13.76;;;;0;1;15;8
968.2;False;False;30.91;32.77;;;;0;1;15;8
957.3;False;False;8.4;10.92;;;;0;1;15;8
957.1;False;True;13.91;10.97;;;;0;1;15;8
974.2;False;False;13.44;21.76;;;;0;1;15;8
974.1;False;False;33.89;42.01;;;;0;1;15;8
955.2;False;False;21.0;30.01;;;;0;1;15;8
955.1;False;True;49.96;41.17;;;;0;1;15;8
947.1;False;False;25.3;25.35;;;;0;1;15;8
947.2;False;False;13.37;35.59;;;;0;1;15;8
966.2;False;True;28.65;8.09;;;;0;1;15;8
966.1;False;True;13.53;11.25;;;;0;1;15;8
302.1;False;False;84.52;93.03;;;20.51;1;1;18;3
302.2;False;False;31.8;56.77;;;;0;1;18;3
278.1;False;False;16.07;21.31;;;;0;1;18;3
278.2;False;False;18.36;47.64;;;;0;1;18;3
306.1;False;True;42.36;35.86;;;10.15;1;1;18;3
306.2;False;False;32.56;37.41;;;29.44;1;1;18;3
275.2;False;False;18.39;20.14;;;;0;1;18;3
275.1;False;True;141.85;134.17;13.91;9.95;9.95;1;1;18;3
294.1;False;False;19.83;22.05;;;;0;1;18;3
294.2;False;False;25.5;45.06;;;;0;1;18;3
276.2;False;False;21.01;331.98;;;;0;1;18;3
276.1;False;False;19.64;24.09;;;;0;1;18;3
307.1;False;False;19.08;26.48;;;;0;1;18;3
307.2;False;False;17.05;100.66;;;;0;1;18;3
291.1;False;False;13.52;54.24;;;;0;1;18;3
291.2;False;False;24.6;44.43;;;;0;1;18;3
315.2;False;True;22.96;17.65;;;;0;1;18;3
315.1;False;False;25.26;139.17;;;;0;1;18;3
286.2;False;False;20.18;65.22;;;;0;1;18;3
286.1;False;False;14.77;20.02;;;;0;1;18;3
299.1;False;True;18.31;18.18;;;;0;1;18;3
299.2;False;True;13.56;8.77;;;;0;1;18;3
274.1;False;False;22.27;25.79;;;;0;1;18;3
274.2;False;False;25.0;128.25;;;;0;1;18;3
289.2;False;True;24.29;13.02;;;;0;1;18;3
289.1;False;True;19.87;19.49;;;;0;1;18;3
304.1;False;True;20.8;12.19;;;;0;1;18;3
304.2;False;False;5.36;58.45;;;;0;1;18;3
297.1;False;False;13.9;20.1;;;;0;1;18;3
297.2;False;False;15.4;37.02;;;;0;1;18;3
272.2;False;True;24.3;19.08;;;18.83;1;1;18;3
272.1;False;False;19.22;26.3;;;;0;1;18;3
313.2;False;True;18.48;12.34;;;;0;1;18;3
313.1;False;False;22.23;122.93;;;;0;1;18;3
300.1;False;False;7.31;20.91;;;;0;1;18;3
300.2;False;True;19.25;8.43;;;;0;1;18;3
288.1;False;False;23.8;25.32;;;;0;1;18;3
288.2;False;False;24.38;75.17;;;;0;1;18;3
273.1;False;False;23.17;26.62;;;;0;1;18;3
273.3;False;True;11.48;6.7;;;;0;1;18;3
303.2;False;False;11.18;17.89;;;;0;1;18;3
303.1;False;True;23.41;22.04;;;14.39;3;1;18;3
314.2;False;False;18.84;20.9;;;;0;1;18;3
314.1;False;False;15.87;52.76;;;;0;1;18;3
290.1;False;False;16.41;41.06;;;;0;1;18;3
290.2;False;False;259.55;357.67;18.21;116.28;18.21;1;1;18;3
292.2;True;False;282.87;284.26;166.11;167.73;;0;1;18;3
292.1;False;True;16.13;13.21;;;;0;1;18;3
271.1;False;False;13.27;14.58;;;;0;1;18;3
271.3;False;False;21.65;52.55;;;;0;1;18;3
277.2;False;True;19.01;14.61;;;;0;1;18;3
277.1;False;False;10.1;21.92;;;;0;1;18;3
282.1;False;True;15.68;10.33;;;;0;1;18;3
282.2;False;False;16.36;18.42;;;;0;1;18;3
310.2;False;True;22.69;20.6;;;;0;1;18;3
310.1;False;False;22.97;144.96;;;;0;1;18;3
279.1;False;False;15.43;34.63;;;;0;1;18;3
279.2;False;True;28.17;12.07;;;;0;1;18;3
285.1;False;False;13.5;34.17;;;;0;1;18;3
285.2;False;False;8.56;323.61;;;;0;1;18;3
708.2;False;False;21.89;23.04;;;;0;1;26;6
708.1;False;False;19.78;30.91;;;;0;1;26;6
696.1;False;True;28.34;23.11;;;19.87;1;1;26;6
696.2;False;True;24.22;18.46;;;;0;1;26;6
709.4;False;False;11.65;14.0;;;;0;1;26;6
709.1;False;False;22.1;37.45;;;;0;1;26;6
699.2;False;False;23.01;30.37;;;21.51;1;1;26;6
699.1;False;False;26.44;41.9;;;;0;1;26;6
718.1;False;False;20.03;31.33;;;;0;1;26;6
718.2;False;True;29.45;26.42;;;23.05;2;1;26;6
716.1;False;False;20.27;25.06;;;;0;1;26;6
716.3;False;False;40.6;75.75;;;21.55;1;1;26;6
701.1;False;False;16.97;431.06;;;;0;1;26;6
701.2;False;True;20.61;14.38;;;;0;1;26;6
710.3;False;True;18.81;17.88;;;;0;1;26;6
710.1;False;False;29.73;124.63;;;;0;1;26;6
691.2;False;False;18.51;30.14;;;;0;1;26;6
691.1;False;False;24.86;67.37;;;;0;1;26;6
705.1;False;False;27.81;72.66;;;;0;1;26;6
705.4;False;False;25.31;83.75;;;;0;1;26;6
704.1;False;False;19.65;36.68;;;;0;1;26;6
704.4;False;False;126.24;176.5;12.54;59.42;15.98;1;1;26;6
703.3;False;True;22.29;19.48;;;;0;1;26;6
703.1;False;False;22.05;76.55;;;;0;1;26;6
697.3;False;True;28.58;14.63;;;;0;1;26;6
697.1;False;False;52.12;1139.05;;;35.38;1;1;26;6
698.3;False;False;26.03;26.73;;;;0;1;26;6
698.1;False;True;28.05;25.81;;;;0;1;26;6
682.3;False;False;18.62;28.34;;;;0;1;26;6
682.1;False;False;16.15;29.16;;;;0;1;26;6
690.1;False;False;25.43;32.94;;;;0;1;26;6
690.3;False;False;15.26;33.45;;;;0;1;26;6
714.2;False;True;87.2;85.2;;;16.53;1;1;26;6
714.1;False;True;26.83;23.15;;;21.34;1;1;26;6
706.3;False;False;10.18;383.93;;;;0;1;26;6
706.1;False;False;17.44;33.02;;;;0;1;26;6
689.1;False;False;25.24;27.26;;;;0;1;26;6
689.3;False;False;27.25;58.04;;;;0;1;26;6
702.1;False;False;16.42;19.21;;;;0;1;26;6
702.3;False;False;36.86;52.57;;;;0;1;26;6
688.2;False;True;34.63;28.07;;;;0;1;26;6
688.1;False;False;26.89;27.02;;;;0;1;26;6
685.2;False;False;19.58;41.97;;;;0;1;26;6
685.1;False;True;70.04;62.42;;;22.5;1;1;26;6
676.1;False;False;20.6;21.06;;;;0;1;26;6
676.3;False;False;17.76;108.42;;;;0;1;26;6
700.1;False;True;25.72;21.56;;;;0;1;26;6
700.2;False;False;25.15;106.77;;;;0;1;26;6
687.1;False;True;35.08;26.46;;;;0;1;26;6
687.3;False;False;16.99;34.0;;;;0;1;26;6
679.4;False;False;22.45;29.9;;;;0;1;26;6
679.1;False;True;30.96;26.68;;;;0;1;26;6
686.3;False;True;42.69;22.86;;;20.64;1;1;26;6
686.1;False;False;39.08;109.64;;;;0;1;26;6
712.1;False;False;26.37;41.08;;;;0;1;26;6
712.3;False;True;29.06;15.29;;;;0;1;26;6
692.2;False;False;53.7;482.23;;;;0;1;26;6
692.1;False;True;28.81;27.34;;;25.16;1;1;26;6
713.4;False;True;51.8;30.44;;;;0;1;26;6
713.1;False;False;27.97;38.19;;;;0;1;26;6
431.1;False;True;12.36;12.27;;;;0;1;22;4
431.2;False;False;10.91;55.77;;;;0;1;22;4
413.1;False;False;11.36;20.81;;;10.8;1;1;22;4
413.3;False;False;7.83;9.7;;;;0;1;22;4
417.2;False;False;6.78;44.38;;;;0;1;22;4
417.1;False;True;4.4;4.23;;;;0;1;22;4
427.3;False;False;8.7;14.18;;;7.4;1;1;22;4
427.1;False;False;9.11;50.49;;;;0;1;22;4
432.2;False;False;10.47;45.04;;;8.45;1;1;22;4
432.1;False;False;6.99;40.24;;;;0;1;22;4
434.1;False;False;13.09;26.2;;;;0;1;22;4
434.2;False;False;19.09;45.81;;;;0;1;22;4
429.3;False;False;11.26;29.31;;;;0;1;22;4
429.1;False;False;22.3;38.94;;;;0;1;22;4
420.3;False;False;6.47;12.26;;;;0;1;22;4
420.1;False;False;15.62;33.59;;;;0;1;22;4
430.2;False;False;22.44;27.36;;;;0;1;22;4
430.1;False;True;24.43;16.29;;;;0;1;22;4
418.6;False;False;18.47;30.64;;;;0;1;22;4
418.1;False;False;29.12;60.69;;;20.76;2;1;22;4
410.2;False;False;36.99;45.52;;;15.79;3;1;22;4
410.1;False;False;21.95;34.67;;;;0;1;22;4
447.1;False;False;12.73;16.23;;;;0;1;22;4
447.3;False;False;14.09;27.86;;;;0;1;22;4
440.1;False;False;42.42;45.13;;;15.38;18;1;22;4
440.3;False;False;35.19;45.71;;;15.83;5;1;22;4
423.3;False;False;33.75;137.32;;;;0;1;22;4
423.1;False;False;19.11;28.38;;;;0;1;22;4
448.3;False;False;29.81;87.86;;;20.53;3;1;22;4
448.1;False;False;17.51;33.35;;;;0;1;22;4
450.2;False;False;16.02;37.63;;;;0;1;22;4
450.1;False;False;22.89;178.17;;;16.52;2;1;22;4
426.4;False;False;10.0;16.19;;;;0;1;22;4
426.1;False;False;12.53;40.11;;;;0;1;22;4
436.3;False;True;6.44;2.18;;;;0;1;22;4
436.1;False;False;10.36;32.35;;;;0;1;22;4
406.1;False;False;29.5;51.43;;;22.35;1;1;22;4
406.2;False;False;30.4;215.65;;;;0;1;22;4
446.1;False;True;27.1;16.01;;;;0;1;22;4
446.3;False;False;26.33;27.2;;;;0;1;22;4
419.2;False;True;27.5;8.65;;;;0;1;22;4
419.1;False;False;34.86;81.06;;;;0;1;22;4
435.1;False;False;31.04;56.91;;;13.65;1;1;22;4
435.3;False;False;31.48;35.53;;;;0;1;22;4
438.1;False;True;23.45;14.11;;;11.63;1;1;22;4
438.3;False;True;122.19;75.55;;;8.86;2;1;22;4
449.1;False;False;34.02;36.32;;;25.19;10;1;22;4
449.2;False;False;19.34;38.51;;;;0;1;22;4
445.1;False;False;35.1;39.56;;;;0;1;22;4
445.2;False;True;27.37;20.51;;;;0;1;22;4
433.3;False;False;25.81;68.95;;;;0;1;22;4
433.1;False;False;25.54;34.19;;;24.62;1;1;22;4
414.1;False;False;8.08;58.41;;;;0;1;22;4
414.3;False;True;23.05;19.48;;;12.24;2;1;22;4
422.1;False;False;16.06;18.61;;;;0;1;22;4
422.3;False;False;20.35;20.57;;;;0;1;22;4
407.1;False;False;13.29;427.57;;;;0;1;22;4
407.3;False;False;7.99;210.32;;;;0;1;22;4
428.3;False;False;17.94;47.22;;;;0;1;22;4
428.1;False;False;13.72;36.49;;;;0;1;22;4
842.1;False;False;16.6;38.79;;;;0;1;7;7
842.2;False;False;39.17;53.2;;;17.15;1;1;7;7
852.1;False;False;17.45;397.79;;;;0;1;7;7
852.2;False;False;42.31;75.73;;;15.45;1;1;7;7
824.3;False;False;13.81;21.89;;;;0;1;7;7
824.1;False;False;16.56;55.82;;;;0;1;7;7
836.1;False;False;28.56;50.18;;;;0;1;7;7
836.3;False;False;11.66;288.55;;;;0;1;7;7
853.1;False;False;14.6;72.17;;;;0;1;7;7
853.3;False;False;12.12;47.23;;;;0;1;7;7
816.1;False;False;36.67;50.1;;;21.4;1;1;7;7
816.2;False;False;112.81;164.47;8.2;53.99;8.2;2;1;7;7
843.2;False;False;16.63;83.1;;;14.4;1;1;7;7
843.1;False;False;65.8;132.78;;;15.43;2;1;7;7
812.1;False;False;100.58;181.0;13.18;81.38;15.24;1;1;7;7
812.2;False;False;14.38;24.86;;;;0;1;7;7
823.1;False;False;19.38;26.34;;;;0;1;7;7
823.3;False;False;43.36;77.81;;;17.83;1;1;7;7
832.2;False;False;11.57;37.6;;;;0;1;7;7
832.1;False;False;17.79;49.14;;;;0;1;7;7
835.1;False;False;61.33;110.0;;;20.09;1;1;7;7
835.3;False;False;14.53;216.47;;;;0;1;7;7
849.1;False;False;43.71;95.96;;;17.62;1;1;7;7
849.2;False;False;26.0;41.94;;;;0;1;7;7
851.3;False;True;128.09;117.31;37.6;36.6;18.39;12;1;7;7
851.1;False;False;16.68;24.25;;;;0;1;7;7
841.3;False;False;11.12;121.24;;;;0;1;7;7
841.1;False;False;14.93;72.76;;;;0;1;7;7
838.1;False;False;212.94;210.75;59.06;60.24;14.31;12;1;7;7
838.2;False;False;9.83;53.05;;;;0;1;7;7
827.2;False;False;10.24;115.05;;;;0;1;7;7
827.1;False;False;14.61;60.07;;;;0;1;7;7
833.1;False;False;19.7;30.36;;;;0;1;7;7
833.3;False;True;28.02;18.53;;;;0;1;7;7
846.2;False;False;10.92;88.56;;;;0;1;7;7
846.1;False;True;8.07;6.87;;;;0;1;7;7
825.1;False;False;28.27;41.3;;;23.39;1;1;7;7
825.2;False;False;12.74;71.67;;;;0;1;7;7
831.2;False;False;18.14;38.24;;;;0;1;7;7
831.1;False;False;11.04;74.81;;;;0;1;7;7
414.1;False;False;11.65;39.44;;;;0;1;4;4
414.3;False;False;18.35;32.07;;;;0;1;4;4
419.1;False;False;31.63;64.0;;;12.7;2;1;4;4
419.2;False;False;83.19;106.48;;;12.26;1;1;4;4
426.1;False;True;9.14;6.97;;;;0;1;4;4
426.4;False;True;12.59;11.32;;;;0;1;4;4
439.1;False;False;18.57;117.08;;;12.84;2;1;4;4
439.3;False;False;11.34;88.21;;;;0;1;4;4
417.1;False;False;25.27;77.24;;;6.78;1;1;4;4
417.2;False;False;42.64;54.42;;;14.75;1;1;4;4
420.1;False;False;12.44;17.61;;;;0;1;4;4
420.3;False;False;7.43;60.71;;;;0;1;4;4
436.3;False;False;18.01;45.22;;;;0;1;4;4
436.1;False;True;16.87;16.54;;;14.13;2;1;4;4
408.2;False;False;46.69;64.22;;;18.68;2;1;4;4
408.1;False;False;13.36;18.09;;;;0;1;4;4
434.2;False;False;28.32;47.68;;;10.96;4;1;4;4
434.1;False;False;10.82;28.87;;;;0;1;4;4
427.3;False;False;22.15;34.12;;;;0;1;4;4
427.1;False;False;19.81;39.27;;;;0;1;4;4
431.1;False;False;9.93;15.38;;;;0;1;4;4
431.2;False;False;9.24;67.29;;;;0;1;4;4
437.1;False;False;9.52;83.56;;;;0;1;4;4
437.3;False;False;137.52;278.64;6.56;150.01;6.56;2;1;4;4
421.1;False;False;7.46;311.97;;;;0;1;4;4
421.7;False;False;8.24;32.02;;;;0;1;4;4
449.1;False;False;10.87;27.41;;;;0;1;4;4
449.2;False;False;22.18;131.63;;;;0;1;4;4
435.1;False;False;18.88;33.55;;;16.9;1;1;4;4
435.3;False;False;8.89;31.41;;;;0;1;4;4
413.1;False;False;66.22;120.13;;;13.53;8;1;4;4
413.3;False;False;9.85;29.05;;;;0;1;4;4
422.1;False;True;13.72;12.22;;;;0;1;4;4
422.3;False;False;20.29;44.55;;;17.01;1;1;4;4
450.2;False;False;16.33;32.59;;;;0;1;4;4
450.1;False;False;9.88;36.78;;;;0;1;4;4
441.1;False;False;70.6;102.72;;;11.56;4;1;4;4
441.2;False;False;11.36;112.87;;;;0;1;4;4
411.5;False;False;13.49;150.5;;;;0;1;4;4
411.1;False;True;29.4;28.58;;;10.55;1;1;4;4
175.2;False;True;45.8;6.64;;;;0;1;25;2
175.1;False;False;43.7;57.39;;;;0;1;25;2
171.1;False;False;35.61;188.6;;;;0;1;25;2
171.3;False;True;35.65;24.87;;;8.17;3;1;25;2
140.3;False;False;58.07;318.7;;;31.85;3;1;25;2
140.1;False;False;31.99;36.31;;;;0;1;25;2
173.3;False;False;32.48;45.26;;;;0;1;25;2
173.1;False;False;38.77;131.94;;;36.64;1;1;25;2
156.1;False;True;32.96;18.22;;;;0;1;25;2
156.2;False;False;59.43;75.26;;;43.29;4;1;25;2
161.1;False;True;31.58;15.45;;;;0;1;25;2
161.2;False;False;28.16;116.58;;;;0;1;25;2
144.1;False;False;43.18;429.45;;;;0;1;25;2
144.2;False;False;31.29;200.04;;;;0;1;25;2
157.1;False;True;39.79;7.58;;;;0;1;25;2
157.3;False;False;36.26;258.04;;;;0;1;25;2
142.1;False;False;74.06;487.96;;;44.59;1;1;25;2
142.2;False;True;28.57;26.1;;;23.02;2;1;25;2
176.1;False;True;33.94;30.61;;;;0;1;25;2
176.3;False;False;29.62;72.31;;;;0;1;25;2
150.2;False;False;40.69;428.74;;;;0;1;25;2
150.1;False;False;30.17;80.31;;;;0;1;25;2
178.1;False;True;21.92;19.63;;;;0;1;25;2
178.3;False;False;28.95;72.6;;;;0;1;25;2
139.1;False;True;45.45;34.74;;;;0;1;25;2
139.3;False;False;37.7;273.26;;;;0;1;25;2
137.1;False;True;26.88;17.03;;;;0;1;25;2
137.3;False;False;37.34;191.87;;;;0;1;25;2
180.1;False;True;25.18;20.84;;;;0;1;25;2
180.2;False;False;20.97;90.4;;;;0;1;25;2
158.2;False;True;33.14;20.5;;;18.37;1;1;25;2
158.1;False;False;30.21;112.01;;;;0;1;25;2
146.1;False;False;29.56;228.53;;;;0;1;25;2
146.2;False;False;27.1;41.54;;;;0;1;25;2
164.1;False;True;28.55;23.29;;;17.6;3;1;25;2
164.3;False;True;30.45;18.49;;;;0;1;25;2
155.1;False;False;37.48;59.87;;;;0;1;25;2
155.3;False;False;15.4;124.75;;;;0;1;25;2
138.1;False;True;35.07;14.63;;;;0;1;25;2
138.2;False;False;30.33;255.28;;;;0;1;25;2
162.1;False;False;30.72;232.32;;;;0;1;25;2
162.2;False;False;26.08;228.03;;;;0;1;25;2
148.3;False;False;38.76;461.46;;;;0;1;25;2
148.1;False;False;52.04;73.27;;;33.69;2;1;25;2
145.1;False;True;40.0;33.83;;;23.12;2;1;25;2
145.2;False;False;37.54;111.45;;;;0;1;25;2
174.1;False;True;45.02;32.77;;;11.41;4;1;25;2
174.2;False;False;41.84;83.55;;;;0;1;25;2
166.1;False;False;37.16;499.23;;;;0;1;25;2
166.2;False;False;35.23;69.2;;;;0;1;25;2
177.3;False;True;36.44;26.94;;;;0;1;25;2
177.1;False;True;26.84;20.61;;;;0;1;25;2
160.1;False;False;21.36;85.11;;;;0;1;25;2
160.2;False;False;27.26;34.69;;;;0;1;25;2
153.3;False;True;44.16;36.42;;;;0;1;25;2
153.1;False;False;39.01;128.81;;;;0;1;25;2
179.1;False;True;35.06;18.71;;;;0;1;25;2
179.2;False;True;30.29;18.91;;;;0;1;25;2
163.1;False;False;29.37;33.46;;;28.07;1;1;25;2
163.2;False;True;23.95;8.34;;;;0;1;25;2
17.1;False;False;22.35;44.68;;;2.56;1;1;1;1
17.3;False;False;4.9;86.57;;;;0;1;1;1
22.2;False;False;3.71;58.74;;;;0;1;1;1
22.1;False;False;2.83;99.51;;;;0;1;1;1
21.3;False;False;2.43;3.61;;;;0;1;1;1
21.1;False;False;0.0;107.07;;;;0;1;1;1
24.1;False;False;4.57;51.01;;;;0;1;1;1
24.3;False;False;3.77;12.39;;;;0;1;1;1
12.1;False;False;4.18;31.4;;;;0;1;1;1
12.3;False;False;8.95;26.1;;;;0;1;1;1
45.3;False;False;4.01;31.78;;;;0;1;1;1
45.1;False;False;4.52;12.6;;;;0;1;1;1
13.1;False;False;3.88;142.79;;;;0;1;1;1
13.3;False;False;3.8;81.33;;;;0;1;1;1
1.1;False;False;4.27;19.91;;;;0;1;1;1
1.2;False;False;17.81;315.47;;;11.83;1;1;1;1
23.1;False;False;2.39;17.3;;;;0;1;1;1
23.2;False;False;4.66;42.48;;;;0;1;1;1
33.1;False;False;5.11;5.98;;;;0;1;1;1
33.2;False;False;2.42;13.11;;;;0;1;1;1
19.1;False;False;3.68;12.09;;;;0;1;1;1
19.3;False;False;4.0;20.51;;;;0;1;1;1
7.3;False;False;6.4;303.7;;;;0;1;1;1
7.1;False;False;3.82;65.14;;;;0;1;1;1
28.1;False;False;3.99;45.07;;;;0;1;1;1
28.2;False;False;4.53;113.44;;;;0;1;1;1
5.3;False;False;7.13;22.97;;;;0;1;1;1
5.1;False;False;10.26;83.37;;;;0;1;1;1
11.1;False;True;4.58;4.05;;;;0;1;1;1
11.3;False;False;1.74;29.02;;;;0;1;1;1
20.2;False;False;4.37;275.54;;;;0;1;1;1
20.1;False;False;4.88;39.57;;;;0;1;1;1
15.3;False;False;5.83;329.09;;;;0;1;1;1
15.1;False;False;8.52;63.98;;;;0;1;1;1
37.1;False;False;5.56;30.09;;;;0;1;1;1
37.3;False;False;4.6;10.46;;;;0;1;1;1
40.1;False;True;4.9;4.17;;;;0;1;1;1
40.2;False;False;5.99;97.47;;;;0;1;1;1
25.3;False;False;10.38;10.86;;;;0;1;1;1
25.1;False;False;8.76;32.02;;;7.3;1;1;1;1
18.1;False;False;4.51;18.74;;;;0;1;1;1
18.3;False;False;4.97;34.93;;;;0;1;1;1
31.3;False;False;4.97;5.95;;;;0;1;1;1
31.1;False;False;8.29;17.43;;;;0;1;1;1
38.2;False;False;4.17;35.09;;;;0;1;1;1
38.1;False;False;4.52;96.91;;;;0;1;1;1
35.1;False;False;3.04;351.77;;;;0;1;1;1
35.3;False;False;5.9;34.34;;;;0;1;1;1
29.1;False;False;6.04;36.33;;;;0;1;1;1
29.3;False;False;1.94;305.02;;;;0;1;1;1
41.1;False;False;3.41;3.97;;;;0;1;1;1
41.3;False;False;4.36;307.51;;;;0;1;1;1
14.3;False;False;10.93;19.16;;;;0;1;1;1
14.1;False;False;23.07;54.66;;;5.15;1;1;1;1
44.1;False;False;10.15;10.16;;;;0;1;1;1
44.2;False;False;6.44;34.53;;;;0;1;1;1
30.1;False;False;6.66;9.34;;;;0;1;1;1
30.2;False;False;5.33;34.87;;;;0;1;1;1
42.1;False;True;5.79;5.6;;;;0;1;1;1
42.2;False;False;4.43;15.48;;;;0;1;1;1
970.1;False;False;22.86;42.5;;;21.91;1;1;8;8
970.2;False;False;15.47;23.52;;;;0;1;8;8
968.2;False;False;22.33;38.3;;;;0;1;8;8
968.1;False;False;18.84;32.92;;;;0;1;8;8
962.4;False;True;24.06;18.65;;;16.52;2;1;8;8
962.1;False;False;18.57;30.56;;;;0;1;8;8
958.1;False;False;20.99;50.11;;;;0;1;8;8
958.3;False;False;20.05;167.15;;;;0;1;8;8
949.3;False;False;18.38;36.58;;;16.59;1;1;8;8
949.1;False;False;19.6;25.72;;;;0;1;8;8
973.1;False;False;15.38;25.79;;;;0;1;8;8
973.2;False;False;12.86;47.16;;;;0;1;8;8
988.2;False;False;13.42;257.36;;;;0;1;8;8
988.1;False;False;15.85;78.4;;;;0;1;8;8
969.3;False;False;13.35;19.77;;;;0;1;8;8
969.1;False;False;13.96;15.61;;;;0;1;8;8
947.1;False;True;14.95;14.05;;;;0;1;8;8
947.2;False;False;12.88;63.38;;;;0;1;8;8
948.3;False;False;12.1;114.21;;;;0;1;8;8
948.1;False;False;1.7;90.42;;;;0;1;8;8
986.1;False;False;16.82;20.51;;;;0;1;8;8
986.2;False;False;17.21;42.48;;;;0;1;8;8
967.3;False;False;14.92;15.71;;;;0;1;8;8
967.1;False;False;15.89;20.07;;;;0;1;8;8
974.2;False;False;25.93;32.07;;;;0;1;8;8
974.1;False;False;15.89;37.15;;;;0;1;8;8
990.1;False;False;15.57;26.92;;;;0;1;8;8
990.3;False;False;22.53;163.05;;;;0;1;8;8
979.2;False;False;6.4;80.21;;;;0;1;8;8
979.1;False;False;7.94;91.83;;;;0;1;8;8
950.1;False;False;11.26;46.09;;;;0;1;8;8
950.3;False;False;18.55;100.85;;;;0;1;8;8
972.3;False;False;22.23;29.14;;;;0;1;8;8
972.1;False;True;29.48;3.25;;;;0;1;8;8
953.1;False;True;25.05;20.35;;;;0;1;8;8
953.3;False;True;17.24;9.14;;;;0;1;8;8
954.1;False;False;16.55;34.68;;;;0;1;8;8
954.3;False;False;12.97;29.12;;;;0;1;8;8
960.3;False;False;16.56;40.41;;;;0;1;8;8
960.1;False;True;9.79;6.31;;;;0;1;8;8
571.2;False;False;28.16;32.78;;;22.01;4;1;9;5
571.1;False;False;40.53;59.24;;;12.41;2;1;9;5
546.1;False;False;12.77;49.96;;;;0;1;9;5
546.3;False;False;6.33;33.91;;;;0;1;9;5
558.1;False;False;4.63;134.57;;;;0;1;9;5
558.3;False;False;12.62;171.32;;;;0;1;9;5
543.1;False;False;31.08;79.41;;;19.43;1;1;9;5
543.3;False;False;23.55;45.95;;;;0;1;9;5
564.1;False;False;25.96;30.82;;;24.91;1;1;9;5
564.6;False;False;28.06;34.88;;;26.85;1;1;9;5
565.2;False;False;60.75;142.38;;;19.61;2;1;9;5
565.1;False;False;28.65;44.08;;;25.73;1;1;9;5
566.1;False;False;21.02;23.13;;;;0;1;9;5
566.2;False;False;17.56;38.17;;;;0;1;9;5
549.2;False;False;18.22;52.29;;;;0;1;9;5
549.1;False;False;22.98;40.07;;;;0;1;9;5
545.1;False;False;31.78;53.58;;;25.99;2;1;9;5
545.2;False;False;23.62;43.92;;;;0;1;9;5
575.3;False;False;29.38;38.74;;;;0;1;9;5
575.1;False;False;25.95;46.55;;;;0;1;9;5
557.4;False;False;23.17;244.97;;;;0;1;9;5
557.1;False;False;30.76;91.51;;;;0;1;9;5
583.4;False;True;27.63;8.86;;;;0;1;9;5
583.1;False;False;23.15;34.26;;;;0;1;9;5
548.2;False;False;25.2;33.83;;;;0;1;9;5
548.1;False;True;28.73;18.61;;;;0;1;9;5
552.1;False;True;27.47;22.63;;;18.04;2;1;9;5
552.3;False;False;67.09;150.94;;;26.03;1;1;9;5
581.3;False;False;34.57;148.95;;;10.22;1;1;9;5
581.1;False;False;24.9;36.09;;;;0;1;9;5
579.3;False;True;14.08;13.93;;;;0;1;9;5
579.1;False;False;15.35;21.82;;;;0;1;9;5
567.1;False;False;32.38;50.56;;;27.49;2;1;9;5
567.4;False;False;26.47;106.87;;;;0;1;9;5
584.1;False;True;23.55;18.6;;;11.86;1;1;9;5
584.3;False;False;32.22;66.1;;;28.79;1;1;9;5
550.1;False;True;30.38;14.92;;;;0;1;9;5
550.2;False;False;28.32;111.95;;;;0;1;9;5
573.3;False;False;24.64;60.75;;;;0;1;9;5
573.1;False;True;29.59;27.72;;;18.46;5;1;9;5
560.1;False;True;30.24;14.12;;;;0;1;9;5
560.3;False;False;18.8;24.16;;;;0;1;9;5
541.1;False;False;20.42;71.89;;;;0;1;9;5
541.2;False;False;26.36;34.23;;;;0;1;9;5
582.1;False;False;31.26;36.0;;;;0;1;9;5
582.2;False;False;24.7;118.0;;;;0;1;9;5
554.1;False;True;25.46;13.3;;;;0;1;9;5
554.3;False;False;23.95;39.58;;;;0;1;9;5
576.1;False;False;27.64;59.03;;;;0;1;9;5
576.4;False;False;23.68;78.43;;;;0;1;9;5
559.3;False;False;23.13;108.75;;;;0;1;9;5
559.1;False;False;20.89;87.71;;;;0;1;9;5
561.1;False;True;22.99;17.42;;;;0;1;9;5
561.2;False;False;44.76;178.38;;;24.37;1;1;9;5
553.2;False;True;29.56;16.95;;;;0;1;9;5
553.1;False;False;29.39;94.95;;;;0;1;9;5
568.1;False;True;38.93;36.14;;;24.3;1;1;9;5
568.3;False;False;20.82;98.15;;;;0;1;9;5
569.2;False;False;26.36;47.97;;;;0;1;9;5
569.1;False;False;19.79;123.1;;;;0;1;9;5
